Workbook
Name _Toc350567836: 'Năng lượng_2024'!$M$1
Name Slicer_CHỌN_BỮA: #N/A
Name Slicer_Thực_phẩm_cả_ngày: #N/A
Name WW: 'Năng lượng_2024'!$U$10
Name wx: 'Năng lượng_2024'!$AJ$16

Sheet FCDB 2017 (full)
C1: vl1 | D1: vl2 | E1: vl3 | F1: vl4 | G1: vl5 | H1: vl6 | I1: vl7 | J1: vl8 | K1: vl9 | L1: vl10 | M1: vl11 | N1: vl12 | O1: vl13 | P1: vl14 | Q1: vl15 | R1: vl16 | S1: vl17 | T1: vl18 | U1: vl19 | V1: vl20 | W1: vl21 | X1: vl22 | Y1: vl23 | Z1: vl24 | AA1: vl25 | AB1: vl26 | AC1: vl27 | AD1: vl28 | AE1: vl29 | AF1: vl30 | AG1: vl31 | AH1: vl32 | AI1: vl33 | AJ1: vl34 | AK1: vl35 | AL1: vl36 | AM1: vl37 | AN1: vl38 | AO1: vl39 | AP1: vl40 | AQ1: vl41 | AR1: vl42 | AS1: vl43 | AT1: vl44 | AU1: vl45 | AV1: vl46 | AW1: vl47 | AX1: vl48 | AY1: vl49 | AZ1: vl50 | BA1: vl51 | BB1: vl52 | BC1: vl53 | BD1: vl54 | BE1: vl55 | BF1: vl56 | BG1: vl57 | BH1: vl58 | BI1: vl59 | BJ1: vl60 | BK1: vl61 | BL1: vl62 | BM1: vl63 | BN1: vl64 | BO1: vl65 | BP1: vl66 | BQ1: vl67 | BR1: vl68 | BS1: vl69 | BT1: vl70 | BU1: vl71 | BV1: vl72 | BW1: vl73 | BX1: vl74 | BY1: vl75 | BZ1: vl76 | CA1: vl77 | CB1: vl78 | CC1: vl79 | CD1: vl80 | CE1: vl81 | CF1: vl82 | CG1: vl83 | CH1: vl84
A2: TT | B2: Mã số/ code | C2: Tên và mô tả thực phẩm Food name and description | D2: TV/ĐV | E2: Năng lượng (energy, Kcal) | F2: Nước (water) | G2: Protid | H2: Lipid | I2: TS carbohydrate | J2: Chất xơ (crude fiber) | K2: Tro (ash) | L2: Đường tổng (total sugar) | M2: Calcium (Ca) | N2: Photphorous (P) | O2: Iron (Fe) | P2: Vitamin C | Q2: Vitamin B1 | R2: Vitamin B2 | S2: Vitamin PP | T2: Sodium (Na) | U2: Potassium (K) | V2: Magnesium (Mg) | W2: Manganese (Mn) | X2: Zinc (Zn) | Y2: Copper (Cu) | Z2: Selenium (Se) | AA2: Acid pantothenic | AB2: Vitamin B6 | AC2: Folate tổng số | AD2: Acid folic (vitamin B9) | AE2: Biotin (vitamin H) | AF2: Vitamin B12 | AG2: Vitamin A (retinol) | AH2: Retinol | AI2: Vitamin A (RAE) | AJ2: Vitamin D | AK2: Vitamin E | AL2: Vitamin K | AM2: Betacarotene | AN2: Alphacarotene | AO2: Betacryptoxanthin | AP2: Lycopene | AQ2: Lutein + zeaxanthin | AR2: Isoflavone tổng số | AS2: Daidzein | AT2: Genistein | AU2: Glycetin | AV2: Purine | AW2: TS Axit béo no | AX2: Palmitic (C16:0) | AY2: Margaric (C17:0) | AZ2: Stearic (C18:0) | BA2: Arachidic (C20:0) | BB2: Behenic (C22:0) | BC2: Lignoceric (C24:0) | BD2: TS acid béo không no 1 nối đôi | BE2: Myristoleic (C14:1) | BF2: Palmitoleic (C16:1) | BG2: Oleic (C18:1) | BH2: TS acid béo không no nhiều nối đôi | BI2: Linoleic | BJ2: Linolenic | BK2: Arachidonic (C20:4) | BL2: EPA (C20:5 n3) | BM2: DHA (C22:6 n3) | BN2: TS acid béo trans | BO2: Cholesterol | BP2: Phytosterol | BQ2: Lysin | BR2: Methionin | BS2: Tryptophan | BT2: Phenylalanin | BU2: Threonin | BV2: Valine | BW2: Leucine | BX2: Isoleucine | BY2: Arginine | BZ2: Histidine | CA2: Cystine | CB2: Tyrosine | CC2: Alanine | CD2: Aspartic acid | CE2: Glutamic acid | CF2: Glycine | CG2: Proline | CH2: Serine
C3: Tiếng Việt | E3: Kcal | F3: g | G3: g | H3: g | I3: g | J3: g | K3: g | L3: g | M3: mg | N3: mg | O3: mg | P3: mg | Q3: mg | R3: mg | S3: mg | T3: mg | U3: mg | V3: mg | W3: mg | X3: mg | Y3: (mcg) | Z3: (mcg) | AA3: mg | AB3: mg | AC3: mcg | AD3: mcg | AE3: mcg | AF3: mcg | AG3: mcg | AH3: IU | AI3: mcg | AJ3: mcg | AK3: mg | AL3: mcg | AM3: mcg | AN3: mcg | AO3: mcg | AP3: mcg | AQ3: mcg | AR3: mg | AS3: mg | AT3: mg | AU3: mg | AV3: mg | AW3: g | AX3: g | AY3: g | AZ3: g | BA3: g | BB3: g | BC3: g | BD3: g | BE3: g | BF3: g | BG3: g | BI3: g | BJ3: g | BO3: (mg) | BP3: mg | BQ3: mg | BR3: mg | BS3: mg | BT3: mg | BU3: mg | BV3: mg | BW3: mg | BX3: mg | BY3: mg | BZ3: mg | CA3: mg | CB3: mg | CC3: mg | CD3: mg | CE3: mg | CF3: mg | CG3: mg | CH3: mg
A5: I | C5: Ngũ cốc và sản phẩm chế biến
A6: 1 | B6: 1001 | C6: Gạo nếp cái | D6: TV | E6: =G6*4+H6*9+I6*4 -> 348.3 | F6: 14 | G6: 8.6 | H6: 1.5 | I6: =100-SUM(F6,G6,H6,K6) -> 75.1 | J6: 0.6 | K6: 0.8 | M6: 32 | N6: 98 | O6: 1.2 | P6: 0 | Q6: 0.14 | R6: 0.06 | S6: 2.4 | T6: 3 | U6: 282 | V6: 17 | W6: 1.1 | X6: 2.2 | Y6: 280 | AG6: 0 | AH6: =AG6*3.33 -> 0 | AI6: =AG6+AM6/12+AN6/24+AO6/24 -> 0 | AM6: 0 | AN6: 0 | AO6: 0 | AP6: 0 | AQ6: 0 | BO6: 0 | BQ6: 207 | BR6: 66 | BT6: 229 | BU6: 177 | BV6: 317 | BW6: 531 | BX6: 222 | BY6: 435 | BZ6: 133 | CA6: 96 | CB6: 111 | CC6: 347 | CD6: 443 | CE6: 1210 | CF6: 281 | CG6: 376 | CH6: 309
A7: 2 | B7: 1002 | C7: Gạo nếp (loại thường) | D7: TV | E7: =G7*4+H7*9+I7*4 -> 349.6 | F7: 13.9 | G7: 8.4 | H7: 1.6 | I7: =100-SUM(F7,G7,H7,K7) -> 75.4 | J7: 0.5 | K7: 0.7 | M7: 16 | N7: 130 | O7: 1.2 | P7: 0 | Q7: 0.16 | R7: 0.06 | S7: 2.4 | T7: 3 | U7: 282 | V7: 17 | W7: 1.1 | X7: 2.2 | Y7: 280 | Z7: 15.1 | AA7: 0.284 | AB7: 0.107 | AC7: 7 | AD7: 0 | AF7: 0 | AG7: 0 | AH7: =AG7*3.33 -> 0 | AI7: =AG7+AM7/12+AN7/24+AO7/24 -> 0 | AM7: 0 | AN7: 0 | AO7: 0 | AP7: 0 | AQ7: 0 | AW7: 0.111 | AX7: 0.094 | AY7: 0 | AZ7: 0.01 | BA7: 0 | BB7: 0 | BC7: 0 | BD7: 0.2 | BE7: 0 | BF7: 0.002 | BG7: 0.198 | BH7: 0.198 | BI7: 0.189 | BJ7: 0.008 | BK7: 0 | BL7: 0 | BM7: 0 | BO7: 0 | BQ7: 246 | BR7: 160 | BS7: 79 | BT7: 364 | BU7: 244 | BV7: 416 | BW7: 563 | BX7: 294 | BY7: 568 | BZ7: 160 | CA7: 140 | CB7: 228 | CC7: 395 | CD7: 640 | CE7: 1328 | CF7: 310 | CG7: 321 | CH7: 358
A8: 3 | B8: 1003 | C8: Gạo tẻ giã | D8: TV | E8: =G8*4+H8*9+I8*4 -> 346.9 | F8: 14 | G8: 8.1 | H8: 1.3 | I8: =100-SUM(F8,G8,H8,K8) -> 75.7 | J8: 0.7 | K8: 0.9 | M8: 36 | N8: 108 | O8: 0.2 | P8: 0 | Q8: 0.12 | R8: 0.04 | S8: 1.9 | T8: 5 | U8: 202 | V8: 52 | W8: 1.5 | X8: 1.9 | Y8: 360 | Z8: 38.8 | AE8: 3 | AG8: 0 | AH8: =AG8*3.33 -> 0 | AI8: =AG8+AM8/12+AN8/24+AO8/24 -> 0 | AM8: 0 | AN8: 0 | AO8: 0 | AP8: 0 | AQ8: 0 | AW8: 0.35413793 | AX8: 0.31603448 | AY8: 0 | AZ8: 0.024655172 | BA8: 0 | BB8: 0 | BC8: 0 | BD8: 0.40568966 | BE8: 0 | BF8: 0.0044827586 | BG8: 0.4012069 | BH8: 0.34741379 | BI8: 0.28689655 | BJ8: 0.060517241 | BK8: 0 | BL8: 0 | BM8: 0 | BO8: 0 | BQ8: 245.05063 | BR8: 158.92405 | BS8: 78.949367 | BT8: 361.93671 | BU8: 241.97468 | BV8: 413.20253 | BW8: 559.82278 | BX8: 292.21519 | BY8: 564.94937 | BZ8: 158.92405 | CA8: 138.41772 | CB8: 226.59494 | CC8: 392.6962 | CD8: 636.72152 | CE8: 1320.6076 | CF8: 308.62025 | CG8: 318.87342 | CH8: 355.78481
A9: 4 | B9: 1004 | C9: Gạo tẻ máy | D9: TV | E9: =G9*4+H9*9+I9*4 -> 345.8 | F9: 14 | G9: 7.9 | H9: 1 | I9: =100-SUM(F9,G9,H9,K9) -> 76.3 | J9: 0.4 | K9: 0.8 | M9: 30 | N9: 104 | O9: 1.3 | P9: 0 | Q9: 0.1 | R9: 0.03 | S9: 1.6 | T9: 5 | U9: 241 | V9: 14 | W9: 0.9 | X9: 1.5 | Y9: 230 | Z9: 31.8 | AA9: 1.342 | AB9: 0.145 | AC9: 9 | AD9: 0 | AE9: 3 | AF9: 0 | AG9: 0 | AH9: =AG9*3.33 -> 0 | AI9: =AG9+AM9/12+AN9/24+AO9/24 -> 0 | AM9: 0 | AN9: 0 | AO9: 0 | AP9: 0 | AQ9: 0 | AW9: 0.158 | AX9: 0.141 | AY9: 0 | AZ9: 0.011 | BA9: 0 | BB9: 0 | BC9: 0 | BD9: 0.181 | BE9: 0 | BF9: 0.002 | BG9: 0.179 | BH9: 0.155 | BI9: 0.128 | BJ9: 0.027 | BK9: 0 | BL9: 0 | BM9: 0 | BO9: 0 | BQ9: 239 | BR9: 155 | BS9: 77 | BT9: 353 | BU9: 236 | BV9: 403 | BW9: 546 | BX9: 285 | BY9: 551 | BZ9: 155 | CA9: 135 | CB9: 221 | CC9: 383 | CD9: 621 | CE9: 1288 | CF9: 301 | CG9: 311 | CH9: 347
A10: 5 | B10: 1005 | C10: Gạo lứt | D10: TV | E10: =G10*4+H10*9+I10*4 -> 358.84 | F10: 12.37 | G10: 7.5 | H10: 2.68 | I10: =100-SUM(F10,G10,H10,K10) -> 76.18 | J10: 3.4 | K10: 1.27 | M10: 16 | N10: 246 | O10: 2.8 | P10: 0 | Q10: 0.34 | R10: 0.07 | S10: 5 | T10: 5 | U10: 202 | V10: 52 | W10: 1.5 | X10: 1.9 | Y10: 360 | Z10: 38.8 | AA10: 1.5 | AB10: 0.62 | AC10: 20 | AD10: 0 | AG10: 0 | AH10: =AG10*3.33 -> 0 | AI10: =AG10+AM10/12+AN10/24+AO10/24 -> 0 | AM10: 0 | AN10: 0 | AO10: 0 | AP10: 0 | AQ10: 0 | AW10: 0.536 | AX10: 0.457 | AY10: 0 | AZ10: 0.048 | BA10: 0 | BB10: 0 | BC10: 0 | BD10: 0.971 | BE10: 0 | BF10: 0.01 | BG10: 0.961 | BH10: 0.959 | BI10: 0.918 | BJ10: 0.041 | BK10: 0 | BL10: 0 | BM10: 0 | BO10: 0 | BQ10: 286 | BR10: 169 | BS10: 96 | BT10: 387 | BU10: 275 | BV10: 440 | BW10: 620 | BX10: 318 | BY10: 569 | BZ10: 190 | CA10: 91 | CB10: 281 | CC10: 437 | CD10: 702 | CE10: 1528 | CF10: 369 | CG10: 352 | CH10: 388
A11: 6 | B11: 1006 | C11: Kê | D11: TV | E11: =G11*4+H11*9+I11*4 -> 344.6 | F11: 14 | G11: 7 | H11: 3 | I11: =100-SUM(F11,G11,H11,K11) -> 72.4 | J11: 3.4 | K11: 3.6 | M11: 22 | N11: 290 | O11: 2.7 | P11: 0 | Q11: 0.4 | R11: 0.09 | S11: 1.6 | T11: 7 | U11: 249 | V11: 430 | W11: 1.7 | X11: 1.5 | Y11: 440 | Z11: 2.7 | AA11: 0.848 | AB11: 0.384 | AC11: 85 | AD11: 0 | AF11: 0 | AG11: 0 | AH11: =AG11*3.33 -> 0 | AI11: =AG11+AM11/12+AN11/24+AO11/24 -> 5 | AK11: 0.05 | AL11: 0.9 | AM11: 60 | AV11: 62 | AW11: 0.723 | AX11: 0.528 | AY11: 0 | AZ11: 0.154 | BA11: 0 | BB11: 0 | BC11: 0 | BD11: 0.773 | BE11: 0 | BF11: 0.014 | BG11: 0.739 | BH11: 2.134 | BI11: 2.015 | BJ11: 0.118 | BK11: 0 | BL11: 0 | BM11: 0 | BO11: 0 | BQ11: 212 | BR11: 221 | BS11: 119 | BT11: 580 | BU11: 353 | BV11: 578 | BW11: 1400 | BX11: 465 | BY11: 382 | BZ11: 236 | CA11: 212 | CB11: 340 | CC11: 986 | CD11: 726 | CE11: 2396 | CF11: 287 | CG11: 877 | CH11: 644
A12: 7 | B12: 1007 | C12: Ngô bắp tươi | D12: TV | E12: =G12*4+H12*9+I12*4 -> 200.3 | F12: 52 | G12: 4.1 | H12: 2.3 | I12: =100-SUM(F12,G12,H12,K12) -> 40.8 | J12: 1.2 | K12: 0.8 | L12: 1.7 | M12: 20 | N12: 187 | O12: 1.5 | P12: 12 | Q12: 0.15 | R12: 0.08 | S12: 1.8 | T12: 3 | U12: 306 | V12: 39 | W12: 0.35 | X12: 1.4 | Y12: 240 | Z12: 4 | AA12: 0.54 | AB12: 0.16 | AC12: 33 | AD12: 0 | AE12: 0.5 | AF12: 0 | AG12: 0 | AH12: =AG12*3.33 -> 0 | AI12: =AG12+AM12/12+AN12/24+AO12/24 -> 20 | AK12: 0.8 | AL12: 0 | AM12: 240 | AV12: 52 | AW12: 0.28 | AX12: 0.24 | AY12: 0 | AZ12: 0.037 | BA12: 0 | BB12: 0 | BC12: 0 | BD12: 0.52 | BE12: 0 | BF12: 0 | BG12: 0.52 | BH12: 0.89 | BI12: 0.86 | BJ12: 0.03 | BK12: 0 | BL12: 0 | BM12: 0 | BO12: 0 | BQ12: 100 | BR12: 71 | BS12: 24 | BT12: 190 | BU12: 140 | BV12: 180 | BW12: 470 | BX12: 140 | BY12: 150 | BZ12: 100 | CA12: 59 | CB12: 140 | CC12: 280 | CD12: 240 | CE12: 760 | CF12: 140 | CG12: 330 | CH12: 190
A13: 8 | B13: 1008 | C13: Ngô vàng hạt khô | D13: TV | E13: =G13*4+H13*9+I13*4 -> 362.3 | F13: 14 | G13: 8.6 | H13: 4.7 | I13: =100-SUM(F13,G13,H13,K13) -> 71.4 | J13: 2 | K13: 1.3 | L13: 0.64 | M13: 30 | N13: 190 | O13: 2.3 | P13: 0 | Q13: 0.28 | R13: 0.11 | S13: 2 | T13: 35 | U13: 287 | V13: 127 | W13: 0.485 | X13: 2.21 | Y13: 314 | Z13: 15.5 | AA13: 0.424 | AB13: 0.622 | AC13: 19 | AD13: 0 | AF13: 0 | AG13: 0 | AH13: =AG13*3.33 -> 0 | AI13: =AG13+AM13/12+AN13/24+AO13/24 -> 10.708333 | AK13: 0.49 | AL13: 0.3 | AM13: 97 | AN13: 63 | AO13: 0 | AP13: 0 | AQ13: 1355 | AW13: 0.667 | AX13: 0.569 | AY13: 0 | AZ13: 0.075 | BA13: 0 | BB13: 0 | BC13: 0 | BD13: 1.251 | BE13: 0 | BF13: 0.004 | BG13: 1.247 | BH13: 2.163 | BI13: 2.097 | BJ13: 0.065 | BK13: 0 | BL13: 0 | BM13: 0 | BO13: 0 | BQ13: 265 | BR13: 197 | BS13: 67 | BT13: 463 | BU13: 354 | BV13: 477 | BW13: 1155 | BX13: 337 | BY13: 470 | BZ13: 287 | CA13: 170 | CB13: 383 | CC13: 705 | CD13: 655 | CE13: 1768 | CF13: 386 | CG13: 822 | CH13: 447
A14: 9 | B14: 1009 | C14: Bánh bao | E14: =G14*4+H14*9+I14*4 -> 276 | F14: 43.2 | G14: 10.4 | H14: 10.8 | I14: =100-SUM(F14,G14,H14,K14) -> 34.3 | J14: 0.86 | K14: 1.3 | M14: 72.42 | N14: 67.44 | O14: 0.76 | Q14: 0.1 | R14: 0.04 | S14: 1 | X14: 1.33 | AG14: 0 | AH14: =AG14*3.33 -> 0 | AI14: =AG14+AM14/12+AN14/24+AO14/24 -> 0 | AM14: 0 | AN14: 0 | AO14: 0 | AP14: 0 | AQ14: 0 | BO14: 0
A15: 10 | B15: 1010 | C15: Bánh đa nem | D15: TV | E15: =G15*4+H15*9+I15*4 -> 335.4 | F15: 15 | G15: 4 | H15: 0.2 | I15: =100-SUM(F15,G15,H15,K15) -> 79.4 | J15: 0.5 | K15: 1.4 | M15: 20 | N15: 65 | O15: 0.3 | P15: 0 | AG15: 0 | AH15: =AG15*3.33 -> 0 | AI15: =AG15+AM15/12+AN15/24+AO15/24 -> 0 | AM15: 0 | AN15: 0 | AO15: 0 | AP15: 0 | AQ15: 0 | BO15: 0
A16: 11 | B16: 1011 | C16: Bánh đúc | D16: TV | E16: =G16*4+H16*9+I16*4 -> 51.9 | F16: 86.8 | G16: 0.9 | H16: 0.3 | I16: =100-SUM(F16,G16,H16,K16) -> 11.4 | J16: 0.1 | K16: 0.6 | M16: 50 | N16: 19 | O16: 0.4 | P16: 0 | AG16: 0 | AH16: =AG16*3.33 -> 0 | AI16: =AG16+AM16/12+AN16/24+AO16/24 -> 0 | AM16: 0 | AN16: 0 | AO16: 0 | AP16: 0 | AQ16: 0 | BO16: 0
A17: 12 | B17: 1012 | C17: Bánh mỳ | D17: TV | E17: =G17*4+H17*9+I17*4 -> 250 | F17: 37.2 | G17: 7.9 | H17: 0.8 | I17: =100-SUM(F17,G17,H17,K17) -> 52.8 | J17: 0.2 | K17: 1.3 | M17: 28 | N17: 164 | O17: 2 | P17: 0 | Q17: 0.1 | R17: 0.07 | S17: 0.7 | AG17: 0 | AH17: =AG17*3.33 -> 0 | AI17: =AG17+AM17/12+AN17/24+AO17/24 -> 0 | AM17: 0 | AN17: 0 | AO17: 0 | AP17: 0 | AQ17: 0 | BO17: 0 | BQ17: 163 | BR17: 133 | BS17: 66 | BT17: 314 | BU17: 216 | BV17: 366 | BW17: 460 | BX17: 294 | BY17: 294 | BZ17: 133 | CA17: 188 | CB17: 208 | CC17: 280 | CD17: 392 | CE17: 1924 | CF17: 331 | CG17: 732 | CH17: 345
A18: 13 | B18: 1013 | C18: Bánh phở | D18: TV | E18: =G18*4+H18*9+I18*4 -> 141.2 | F18: 64.3 | G18: 3.2 | I18: =100-SUM(F18,G18,H18,K18) -> 32.1 | K18: 0.4 | M18: 16 | N18: 64 | O18: 0.3 | P18: 0 | Q18: 0.01 | R18: 0.01 | S18: 0.2 | T18: 3 | U18: 15 | AG18: 0 | AH18: =AG18*3.33 -> 0 | AI18: =AG18+AM18/12+AN18/24+AO18/24 -> 0 | AM18: 0 | AN18: 0 | AO18: 0 | AP18: 0 | AQ18: 0 | BO18: 0
A19: 14 | B19: 1014 | C19: Bánh quẩy nóng | D19: TV | E19: =G19*4+H19*9+I19*4 -> 200.4 | F19: 57.6 | G19: 3.7 | H19: 6.8 | I19: =100-SUM(F19,G19,H19,K19) -> 31.1 | J19: 0.152513 | K19: 0.8 | M19: 47.9 | N19: 18.94 | O19: 0.94 | P19: 0 | X19: 0.27 | AG19: 0 | AH19: =AG19*3.33 -> 0 | AI19: =AG19+AM19/12+AN19/24+AO19/24 -> 0 | AM19: 0 | AN19: 0 | AO19: 0 | AP19: 0 | AQ19: 0 | BO19: 0
A20: 15 | B20: 1015 | C20: Bỏng ngô | D20: TV | E20: =G20*4+H20*9+I20*4 -> 385.6 | F20: 3 | G20: 8.6 | H20: 1.6 | I20: =100-SUM(F20,G20,H20,K20) -> 84.2 | J20: 3.4 | K20: 2.6 | M20: 3 | N20: 47 | O20: 0.6 | P20: 0 | Q20: 0.02 | R20: 0.03 | S20: 0.6 | T20: 346 | U20: 609 | V20: 334 | AG20: 0 | AH20: =AG20*3.33 -> 0 | AI20: =AG20+AM20/12+AN20/24+AO20/24 -> 0 | AM20: 0 | AN20: 0 | AO20: 0 | AP20: 0 | AQ20: 0 | BO20: 0 | BQ20: 230 | BR20: 166 | BS20: 61 | BT20: 421 | BU20: 310 | BV20: 418 | BW20: 1081 | BX20: 316 | BY20: 362 | BZ20: 235 | CA20: 134 | CB20: 330 | CC20: 650 | CD20: 541 | CE20: 1634 | CF20: 319 | CG20: 771 | CH20: 429
A21: 16 | B21: 1016 | C21: Bột gạo nếp | D21: TV | E21: =G21*4+H21*9+I21*4 -> 364.8 | F21: 10 | G21: 8.2 | H21: 1.6 | I21: =100-SUM(F21,G21,H21,K21) -> 79.4 | J21: 0.6 | K21: 0.8 | M21: 12 | N21: 148 | O21: 0.8 | P21: 0 | Q21: 0.1 | R21: 0.02 | S21: 1.7 | T21: 3.1177829 | U21: 293.07159 | V21: 17.667436 | W21: 1.1431871 | X21: 2.2863741 | Y21: 290.99307 | Z21: 15.692841 | AA21: 0.29515012 | AB21: 0.11120092 | AC21: 7.2748268 | AD21: 0 | AF21: 0 | AG21: 0 | AH21: =AG21*3.33 -> 0 | AI21: =AG21+AM21/12+AN21/24+AO21/24 -> 0 | AM21: 0 | AN21: 0 | AO21: 0 | AP21: 0 | AQ21: 0 | AW21: 0.10835714 | AX21: 0.091761905 | AY21: 0 | AZ21: 0.0097619048 | BA21: 0 | BB21: 0 | BC21: 0 | BD21: 0.1952381 | BE21: 0 | BF21: 0.001952381 | BG21: 0.19328571 | BH21: 0.19328571 | BI21: 0.1845 | BJ21: 0.0078095238 | BK21: 0 | BL21: 0 | BM21: 0 | BO21: 0 | BQ21: 240.14286 | BR21: 156.19048 | BS21: 77.119048 | BT21: 355.33333 | BU21: 238.19048 | BV21: 406.09524 | BW21: 549.59524 | BX21: 287 | BY21: 554.47619 | BZ21: 156.19048 | CA21: 136.66667 | CB21: 222.57143 | CC21: 385.59524 | CD21: 624.7619 | CE21: 1296.381 | CF21: 302.61905 | CG21: 313.35714 | CH21: 349.47619
A22: 17 | B22: 1017 | C22: Bột gạo tẻ | D22: TV | E22: =G22*4+H22*9+I22*4 -> 360.4 | F22: 10 | G22: 6.6 | H22: 0.4 | I22: =100-SUM(F22,G22,H22,K22) -> 82.6 | J22: 0.4 | K22: 0.4 | M22: 24 | N22: 135 | O22: 1.9 | P22: 0 | Q22: 0.08 | R22: 0.05 | S22: 2.1 | T22: 0 | U22: 76 | V22: 35 | W22: 1.2 | X22: 0.8 | Y22: 130 | Z22: 15.1 | AA22: 0.819 | AB22: 0.436 | AC22: 4 | AD22: 0 | AE22: 1 | AF22: 0 | AG22: 0 | AH22: =AG22*3.33 -> 0 | AI22: =AG22+AM22/12+AN22/24+AO22/24 -> 0 | AK22: 0.11 | AL22: 0 | AM22: 0 | AN22: 0 | AO22: 0 | AP22: 0 | AQ22: 0 | AW22: 0.386 | AX22: 0.345 | AY22: 0 | AZ22: 0.026 | BA22: 0 | BB22: 0 | BC22: 0 | BD22: 0.442 | BE22: 0 | BF22: 0.005 | BG22: 0.436 | BH22: 0.379 | BI22: 0.313 | BJ22: 0.067 | BK22: 0 | BL22: 0 | BM22: 0 | BO22: 0 | BQ22: 207 | BR22: 144 | BS22: 72 | BT22: 317 | BU22: 210 | BV22: 348 | BW22: 488 | BX22: 244 | BY22: 516 | BZ22: 149 | CA22: 107 | CB22: 314 | CC22: 332 | CD22: 549 | CE22: 1097 | CF22: 267 | CG22: 278 | CH22: 310
A23: 18 | B23: 1018 | C23: Bột mì | D23: TV | E23: =G23*4+H23*9+I23*4 -> 346.7 | F23: 14 | G23: 11 | H23: 1.1 | I23: =100-SUM(F23,G23,H23,K23) -> 73.2 | J23: 0.3 | K23: 0.7 | M23: 29 | N23: 132 | O23: 2 | P23: 0 | Q23: 0.18 | R23: 0.13 | S23: 1 | T23: 4 | U23: 186 | V23: 173 | W23: 2 | X23: 2.5 | Y23: 21 | Z23: 28 | AA23: 1.008 | AB23: 0.341 | AC23: 44 | AD23: 0 | AE23: 1.9 | AF23: 0 | AG23: 0 | AH23: =AG23*3.33 -> 0 | AI23: =AG23+AM23/12+AN23/24+AO23/24 -> 0 | AK23: 0.82 | AL23: 1.9 | AM23: 0 | AN23: 0 | AO23: 0 | AP23: 0 | AQ23: 0 | AV23: 14 | AW23: 0.322 | AX23: 0.271 | AY23: 0 | AZ23: 0.015 | BA23: 0 | BB23: 0 | BC23: 0 | BD23: 0.232 | BE23: 0 | BF23: 0.013 | BG23: 0.219 | BH23: 0.779 | BI23: 0.738 | BJ23: 0.038 | BK23: 0.002 | BL23: 0 | BM23: 0 | BO23: 0 | BQ23: 340 | BR23: 140 | BS23: 110 | BT23: 630 | BU23: 380 | BV23: 520 | BW23: 780 | BX23: 380 | BY23: 320 | BZ23: 170 | CA23: 265 | CB23: 142 | CC23: 278 | CD23: 329 | CE23: 3480 | CF23: 341 | CG23: 1254 | CH23: 449
A24: 19 | B24: 1019 | C24: Bột ngô vàng | D24: TV | E24: =G24*4+H24*9+I24*4 -> 367.2 | F24: 12 | G24: 8.3 | H24: 4 | I24: =100-SUM(F24,G24,H24,K24) -> 74.5 | J24: 1.5 | K24: 1.2 | M24: 15 | N24: 170 | O24: 2.1 | P24: 0 | Q24: 0.17 | R24: 0.08 | S24: 1.9 | T24: 5 | U24: 315 | V24: 93 | W24: 0.46 | X24: 1.73 | Y24: 230 | Z24: 15.4 | AA24: 0.658 | AB24: 0.37 | AC24: 25 | AD24: 0 | AF24: 0 | AG24: 0 | AH24: =AG24*3.33 -> 0 | AI24: =AG24+AM24/12+AN24/24+AO24/24 -> 10.708333 | AK24: 0.42 | AL24: 0.3 | AM24: 97 | AN24: 63 | AO24: 0 | AP24: 0 | AQ24: 1355 | AW24: 0.543 | AX24: 0.463 | AY24: 0 | AZ24: 0.061 | BA24: 0 | BB24: 0 | BC24: 0 | BD24: 1.018 | BE24: 0 | BF24: 0.003 | BG24: 1.015 | BH24: 1.759 | BI24: 1.706 | BJ24: 0.053 | BK24: 0 | BL24: 0 | BM24: 0 | BO24: 0 | BQ24: 195 | BR24: 145 | BS24: 49 | BT24: 340 | BU24: 261 | BV24: 351 | BW24: 850 | BX24: 248 | BY24: 345 | BZ24: 211 | CA24: 125 | CB24: 282 | CC24: 518 | CD24: 482 | CE24: 1300 | CF24: 284 | CG24: 605 | CH24: 329
A25: 20 | B25: 1020 | C25: Bún | D25: TV | E25: =G25*4+H25*9+I25*4 -> 111.6 | F25: 72 | G25: 1.7 | I25: =100-SUM(F25,G25,H25,K25) -> 26.2 | J25: 0.5 | K25: 0.1 | M25: 12 | N25: 32 | O25: 0.2 | P25: 0 | Q25: 0.04 | R25: 0.01 | S25: 0.08 | AG25: 0 | AH25: =AG25*3.33 -> 0 | AI25: =AG25+AM25/12+AN25/24+AO25/24 -> 0 | AM25: 0 | AN25: 0 | AO25: 0 | AP25: 0 | AQ25: 0 | BO25: 0
A26: 21 | B26: 1021 | C26: Cốm tươi | D26: TV | E26: =G26*4+H26*9+I26*4 -> 306.9 | F26: 24.4 | G26: 4.4 | H26: 1.7 | I26: =100-SUM(F26,G26,H26,K26) -> 68.5 | J26: 0.6 | K26: 1 | M26: 19.6 | N26: 422.7 | O26: 2 | X26: 1.83 | AG26: 0 | AH26: =AG26*3.33 -> 0 | AI26: =AG26+AM26/12+AN26/24+AO26/24 -> 0 | AM26: 0 | AN26: 0 | AO26: 0 | AP26: 0 | AQ26: 0 | BO26: 0
A27: 22 | B27: 1022 | C27: Mỳ sợi | D27: TV | E27: =G27*4+H27*9+I27*4 -> 350.1 | F27: 13 | G27: 11 | H27: 0.9 | I27: =100-SUM(F27,G27,H27,K27) -> 74.5 | J27: 0.3 | K27: 0.6 | M27: 34 | N27: 97 | O27: 1.5 | P27: 0 | Q27: 0.1 | R27: 0.04 | S27: 1.1 | AC27: 13 | AG27: 0 | AH27: =AG27*3.33 -> 0 | AI27: =AG27+AM27/12+AN27/24+AO27/24 -> 0 | AM27: 0 | AN27: 0 | AO27: 0 | AP27: 0 | AQ27: 0 | BO27: 0 | BQ27: 432 | BR27: 320 | BS27: 150 | BT27: 702 | BU27: 490 | BV27: 808 | BW27: 1036 | BX27: 667 | BY27: 679 | BZ27: 300
A28: 23 | B28: 1023 | C28: Ngô nếp luộc | D28: TV | E28: =G28*4+H28*9+I28*4 -> 171.8 | F28: 59 | G28: 3.9 | H28: 2.2 | I28: =100-SUM(F28,G28,H28,K28) -> 34.1 | J28: 1.2 | K28: 0.8 | M28: 18 | N28: 146 | O28: 0.8 | P28: 0 | AG28: 0 | AH28: =AG28*3.33 -> 0 | AI28: =AG28+AM28/12+AN28/24+AO28/24 -> 0 | AM28: 0 | AN28: 0 | AO28: 0 | AP28: 0 | AQ28: 0 | BO28: 0
A29: 24 | B29: 1024 | C29: Mỳ ăn liền (mỳ tôm) | D29: TV | E29: =G29*4+H29*9+I29*4 -> 456 | F29: 4.3 | G29: 10.5 | H29: 20.4 | I29: =100-SUM(F29,G29,H29,K29) -> 57.6 | J29: 4.1 | K29: 7.2 | M29: 27 | N29: 120 | O29: 0.9 | P29: 0 | Q29: 0.22 | R29: 0.07 | S29: 1.5 | T29: 1975 | U29: 130 | AH29: 0 | AI29: =AG29+AM29/12+AN29/24+AO29/24 -> 0.66666667 | AM29: 8
A31: II | C31: Khoai củ và sản phẩm chế biến
A32: 25 | B32: 2001 | C32: Củ ấu | D32: TV | E32: =G32*4+H32*9+I32*4 -> 159.7 | F32: 59 | G32: 3.6 | H32: 0.5 | I32: =100-SUM(F32,G32,H32,K32) -> 35.2 | J32: 1 | K32: 1.7 | M32: 9 | N32: 49 | O32: 0.7 | P32: 5 | Q32: 0.23 | R32: 0.05 | S32: 1.9 | AG32: 0 | AH32: =AG32*3.33 -> 0 | AI32: =AG32+AM32/12+AN32/24+AO32/24 -> 0.41666667 | AM32: 5 | BO32: 0
A33: 26 | B33: 2002 | C33: Củ cái | D33: TV | E33: =G33*4+H33*9+I33*4 -> 133.6 | F33: 65.5 | G33: 3.1 | I33: =100-SUM(F33,G33,H33,K33) -> 30.3 | J33: 1.8 | K33: 1.1 | M33: 20 | N33: 32 | O33: 2.9 | P33: 1 | T33: 12 | U33: 397 | V33: 20 | X33: 11 | AA33: 0.314 | AB33: 0.293 | AC33: 23 | AD33: 0 | AF33: 0 | AG33: 0 | AH33: =AG33*3.33 -> 0 | AI33: =AG33+AM33/12+AN33/24+AO33/24 -> 6.9166667 | AK33: 0.39 | AL33: 2.6 | AM33: 83 | AW33: 0.037 | AX33: 0.034 | AY33: 0 | AZ33: 0.004 | BA33: 0 | BB33: 0 | BC33: 0 | BD33: 0.006 | BE33: 0 | BF33: 0 | BG33: 0.006 | BH33: 0.076 | BI33: 0.064 | BJ33: 0.012 | BK33: 0 | BL33: 0 | BM33: 0 | BO33: 0 | BQ33: 59 | BR33: 21 | BS33: 12 | BT33: 71 | BU33: 54 | BV33: 62 | BW33: 96 | BX33: 52 | BY33: 127 | BZ33: 34 | CA33: 19 | CB33: 40 | CC33: 63 | CD33: 155 | CE33: 181 | CF33: 53 | CG33: 54 | CH33: 81
A34: 27 | B34: 2003 | C34: Củ dong | D34: TV | E34: =G34*4+H34*9+I34*4 -> 128.8 | F34: 66.5 | G34: 1.4 | I34: =100-SUM(F34,G34,H34,K34) -> 30.8 | J34: 2.4 | K34: 1.3 | M34: 42 | N34: 21 | T34: 73 | U34: 299 | V34: 46 | AG34: 0 | AH34: =AG34*3.33 -> 0 | AI34: =AG34+AM34/12+AN34/24+AO34/24 -> 0 | AM34: 0 | AN34: 0 | AO34: 0 | AP34: 0 | AQ34: 0 | BO34: 0
A35: 28 | B35: 2004 | C35: Củ sắn | D35: TV | E35: =G35*4+H35*9+I35*4 -> 157.8 | F35: 60 | G35: 1.1 | H35: 0.2 | I35: =100-SUM(F35,G35,H35,K35) -> 37.9 | J35: 1.5 | K35: 0.8 | M35: 25 | N35: 30 | O35: 1.2 | P35: 34 | Q35: 0.03 | R35: 0.03 | S35: 0.6 | T35: 2 | U35: 394 | V35: 4 | AA35: 0.107 | AB35: 0.088 | AC35: 27 | AD35: 0 | AF35: 0 | AG35: 0 | AH35: =AG35*3.33 -> 0 | AI35: =AG35+AM35/12+AN35/24+AO35/24 -> 0.66666667 | AK35: 0.19 | AL35: 1.9 | AM35: 8 | AN35: 0 | AO35: 0 | AP35: 0 | AQ35: 0 | AW35: 0.074 | AX35: 0.069 | AY35: 0 | AZ35: 0.005 | BA35: 0 | BB35: 0 | BC35: 0 | BD35: 0.075 | BE35: 0 | BF35: 0 | BG35: 0.075 | BH35: 0.048 | BI35: 0.032 | BJ35: 0.017 | BK35: 0 | BL35: 0 | BM35: 0 | BO35: 0 | BQ35: 44 | BR35: 11 | BS35: 19 | BT35: 26 | BU35: 28 | BV35: 35 | BW35: 39 | BX35: 27 | BY35: 137 | BZ35: 20 | CA35: 28 | CB35: 17 | CC35: 38 | CD35: 79 | CE35: 206 | CF35: 28 | CG35: 33 | CH35: 33
A36: 29 | B36: 2005 | C36: Củ sắn dây | D36: TV | E36: =G36*4+H36*9+I36*4 -> 156.1 | F36: 60.3 | G36: 1.6 | H36: 0.1 | I36: =100-SUM(F36,G36,H36,K36) -> 37.2 | J36: 9.2 | K36: 0.8 | M36: 28 | N36: 45 | O36: 0.2 | AG36: 0 | AH36: =AG36*3.33 -> 0 | AI36: =AG36+AM36/12+AN36/24+AO36/24 -> 0 | AM36: 0 | AN36: 0 | AO36: 0 | AP36: 0 | AQ36: 0 | BO36: 0
A37: 30 | B37: 2006 | C37: Củ súng khô (đã bỏ vỏ) | D37: TV | E37: =G37*4+H37*9+I37*4 -> 359.3 | F37: 8.6 | G37: 16.1 | H37: 0.5 | I37: =100-SUM(F37,G37,H37,K37) -> 72.6 | J37: 2.3 | K37: 2.2 | M37: 100 | N37: 720 | O37: 0.2 | AG37: 0 | AH37: =AG37*3.33 -> 0 | AI37: =AG37+AM37/12+AN37/24+AO37/24 -> 0 | AM37: 0 | AN37: 0 | AO37: 0 | AP37: 0 | AQ37: 0 | BO37: 0
A38: 31 | B38: 2007 | C38: Củ từ | D38: TV | E38: =G38*4+H38*9+I38*4 -> 96.8 | F38: 75 | G38: 1.5 | I38: =100-SUM(F38,G38,H38,K38) -> 22.7 | J38: 1.2 | K38: 0.8 | M38: 28 | N38: 30 | O38: 0.2 | P38: 2 | T38: 71 | U38: 264 | V38: 28 | AG38: 0 | AH38: =AG38*3.33 -> 0 | AI38: =AG38+AM38/12+AN38/24+AO38/24 -> 0 | AM38: 0 | AN38: 0 | AO38: 0 | AP38: 0 | AQ38: 0 | BO38: 0
A39: 32 | B39: 2008 | C39: Khoai lang | D39: TV | E39: =G39*4+H39*9+I39*4 -> 124.2 | F39: 68 | G39: 0.8 | H39: 0.2 | I39: =100-SUM(F39,G39,H39,K39) -> 29.8 | J39: 1.3 | K39: 1.2 | M39: 34 | N39: 49.4 | O39: 1 | P39: 23 | Q39: 0.05 | R39: 0.05 | S39: 0.6 | T39: 31 | U39: 210 | V39: 201 | W39: 0.387 | X39: 0.2 | Y39: 260 | Z39: 7.1 | AA39: 0.8 | AB39: 0.209 | AC39: 11 | AD39: 0 | AF39: 0 | AG39: 0 | AH39: =AG39*3.33 -> 0 | AI39: =AG39+AM39/12+AN39/24+AO39/24 -> 12.5 | AK39: 0.26 | AL39: 1.8 | AM39: 150 | AW39: 0.018 | AX39: 0.018 | AY39: 0 | AZ39: 0.001 | BA39: 0 | BB39: 0 | BC39: 0 | BD39: 0.001 | BE39: 0 | BF39: 0 | BG39: 0.001 | BH39: 0.014 | BI39: 0.013 | BJ39: 0.001 | BK39: 0 | BL39: 0 | BM39: 0 | BO39: 0 | BQ39: 30 | BR39: 10 | BS39: 2 | BT39: 40 | BU39: 40 | BV39: 30 | BW39: 40 | BX39: 30 | BY39: 30 | BZ39: 10 | CA39: 12 | CB39: 48 | CC39: 58 | CD39: 176 | CE39: 139 | CF39: 42 | CG39: 34 | CH39: 50
A40: 33 | B40: 2009 | C40: Khoai lang nghệ | D40: TV | E40: =G40*4+H40*9+I40*4 -> 119.1 | F40: 69.9 | G40: 1.2 | H40: 0.3 | I40: =100-SUM(F40,G40,H40,K40) -> 27.9 | J40: 0.8 | K40: 0.7 | M40: 36 | N40: 56 | O40: 0.9 | P40: 30 | Q40: 0.12 | R40: 0.05 | S40: 0.6 | T40: 350 | U40: 107 | V40: 68 | AG40: 0 | AH40: =AG40*3.33 -> 0 | AI40: =AG40+AM40/12+AN40/24+AO40/24 -> 122.5 | AM40: 1470 | BO40: 0 | BQ40: 42 | BR40: 11 | BS40: 12 | BT40: 42 | BU40: 50 | BV40: 61 | BW40: 64 | BX40: 40 | BY40: 35 | BZ40: 19 | CA40: 12 | CB40: 48 | CC40: 58 | CD40: 176 | CE40: 130 | CF40: 12 | CG40: 34 | CH40: 50
A41: 34 | B41: 2010 | C41: Khoai môn | D41: TV | E41: =G41*4+H41*9+I41*4 -> 113.4 | F41: 70.8 | G41: 1.5 | H41: 0.2 | I41: =100-SUM(F41,G41,H41,K41) -> 26.4 | J41: 1.2 | K41: 1.1 | M41: 44 | N41: 44 | O41: 0.8 | P41: 4 | Q41: 0.09 | R41: 0.03 | S41: 0.1 | AG41: 0 | AH41: =AG41*3.33 -> 0 | AI41: =AG41+AM41/12+AN41/24+AO41/24 -> 0 | BO41: 0
A42: 35 | B42: 2011 | C42: Khoai nước | D42: TV | E42: =G42*4+H42*9+I42*4 -> 106.1 | F42: 72.5 | G42: 1 | H42: 0.1 | I42: =100-SUM(F42,G42,H42,K42) -> 25.3 | J42: 2 | K42: 1.1 | M42: 52 | N42: 35 | O42: 0.2 | P42: 3 | AG42: 0 | AH42: =AG42*3.33 -> 0 | AI42: =AG42+AM42/12+AN42/24+AO42/24 -> 0 | BO42: 0
A43: 36 | B43: 2012 | C43: Khoai riềng | D43: TV | E43: =G43*4+H43*9+I43*4 -> 113.6 | F43: 70 | G43: 0.8 | I43: =100-SUM(F43,G43,H43,K43) -> 27.6 | J43: 2.5 | K43: 1.6 | M43: 64 | N43: 107 | O43: 1.7 | AG43: 0 | AH43: =AG43*3.33 -> 0 | AI43: =AG43+AM43/12+AN43/24+AO43/24 -> 0 | BO43: 0
A44: 37 | B44: 2013 | C44: Khoai sọ | D44: TV | E44: =G44*4+H44*9+I44*4 -> 118.9 | F44: 69 | G44: 1.8 | H44: 0.1 | I44: =100-SUM(F44,G44,H44,K44) -> 27.7 | J44: 1.2 | K44: 1.4 | M44: 45 | N44: 75 | O44: 1.5 | P44: 4 | Q44: 0.06 | R44: 0.03 | S44: 0.1 | T44: 10 | U44: 448 | V44: 33 | W44: 0.383 | AA44: 0.303 | AB44: 0.283 | AC44: 22 | AD44: 0 | AF44: 0 | AG44: 0 | AH44: =AG44*3.33 -> 0 | AI44: =AG44+AM44/12+AN44/24+AO44/24 -> 3.75 | AK44: 2.38 | AL44: 1 | AM44: 35 | AO44: 20 | AW44: 0.041 | AX44: 0.035 | AY44: 0 | AZ44: 0.006 | BA44: 0 | BB44: 0 | BC44: 0 | BD44: 0.016 | BE44: 0 | BF44: 0 | BG44: 0.016 | BH44: 0.083 | BI44: 0.058 | BJ44: 0.025 | BK44: 0 | BL44: 0 | BM44: 0 | BO44: 0 | BQ44: 70 | BR44: 10 | BS44: 20 | BT44: 90 | BU44: 80 | BV44: 90 | BW44: 150 | BX44: 70 | BY44: 140 | BZ44: 30 | CA44: 17 | CB44: 54 | CC44: 40 | CD44: 180 | CE44: 80 | CF44: 68 | CG44: 61 | CH44: 110
A45: 38 | B45: 2014 | C45: Khoai tây | D45: TV | E45: =G45*4+H45*9+I45*4 -> 96 | F45: 75 | G45: 2 | I45: =100-SUM(F45,G45,H45,K45) -> 22 | J45: 1 | K45: 1 | M45: 10 | N45: 50 | O45: 1.2 | P45: 10 | Q45: 0.1 | R45: 0.05 | S45: 0.9 | T45: 7 | U45: 396 | V45: 32 | W45: 0.2 | X45: 0.3 | Y45: 230 | Z45: 0.5 | AA45: 0.281 | AB45: 0.203 | AC45: 18 | AD45: 0 | AE45: 0.47 | AF45: 0 | AG45: 0 | AH45: =AG45*3.33 -> 0 | AI45: =AG45+AM45/12+AN45/24+AO45/24 -> 0.41666667 | AK45: 0.01 | AL45: 1.6 | AM45: 5 | AN45: 0 | AO45: 0 | AP45: 0 | AQ45: 13 | AV45: 16 | AW45: 0.026 | AX45: 0.016 | AY45: 0 | AZ45: 0.004 | BA45: 0 | BB45: 0 | BC45: 0 | BD45: 0.002 | BE45: 0 | BF45: 0.001 | BG45: 0.001 | BH45: 0.042 | BI45: 0.032 | BJ45: 0.01 | BK45: 0 | BL45: 0 | BM45: 0 | BO45: 0 | BQ45: 100 | BR45: 30 | BS45: 20 | BT45: 110 | BU45: 70 | BV45: 100 | BW45: 230 | BX45: 230 | BY45: 90 | BZ45: 30 | CA45: 10 | CB45: 47 | CC45: 76 | CD45: 211 | CE45: 174 | CF45: 64 | CG45: 64 | CH45: 70
A46: 39 | B46: 2015 | C46: Miến dong | D46: TV | E46: =G46*4+H46*9+I46*4 -> 338.1 | F46: 14.5 | G46: 0.6 | H46: 0.1 | I46: =100-SUM(F46,G46,H46,K46) -> 83.7 | J46: 1.5 | K46: 1.1 | M46: 40 | N46: 120 | O46: 1 | AG46: 0 | AH46: =AG46*3.33 -> 0 | AI46: =AG46+AM46/12+AN46/24+AO46/24 -> 0 | AM46: 0 | AN46: 0 | AO46: 0 | AP46: 0 | AQ46: 0 | BO46: 0
A47: 40 | B47: 2016 | C47: Bột dong lọc | D47: TV | E47: =G47*4+H47*9+I47*4 -> 343.2 | F47: 14 | G47: 0.6 | I47: =100-SUM(F47,G47,H47,K47) -> 85.2 | J47: 0.5 | K47: 0.2 | M47: 37 | N47: 18 | O47: 1.7 | AG47: 0 | AH47: =AG47*3.33 -> 0 | AI47: =AG47+AM47/12+AN47/24+AO47/24 -> 0 | AM47: 0 | AN47: 0 | AO47: 0 | AP47: 0 | AQ47: 0 | BO47: 0
A48: 41 | B48: 2017 | C48: Bột khoai lang | D48: TV | E48: =G48*4+H48*9+I48*4 -> 340.5 | F48: 14 | G48: 2.2 | H48: 0.5 | I48: =100-SUM(F48,G48,H48,K48) -> 81.8 | J48: 1.6 | K48: 1.5 | M48: 50 | N48: 95 | O48: 2 | Q48: 0.24 | R48: 0.09 | S48: 1.5 | AG48: 0 | AH48: =AG48*3.33 -> 0 | AI48: =AG48+AM48/12+AN48/24+AO48/24 -> 0 | AM48: 0 | AN48: 0 | AO48: 0 | AP48: 0 | AQ48: 0 | BO48: 0
A49: 42 | B49: 2018 | C49: Bột khoai riềng (bột đao) | D49: TV | E49: =G49*4+H49*9+I49*4 -> 343.2 | F49: 14 | G49: 0.2 | I49: =100-SUM(F49,G49,H49,K49) -> 85.6 | J49: 1.5 | K49: 0.2 | M49: 16 | N49: 17 | AG49: 0 | AH49: =AG49*3.33 -> 0 | AI49: =AG49+AM49/12+AN49/24+AO49/24 -> 0 | AM49: 0 | AN49: 0 | AO49: 0 | AP49: 0 | AQ49: 0 | BO49: 0
A50: 43 | B50: 2019 | C50: Bột khoai tây (lọc) | D50: TV | E50: =G50*4+H50*9+I50*4 -> 344.4 | F50: 13.6 | G50: 1 | I50: =100-SUM(F50,G50,H50,K50) -> 85.1 | J50: 0.4 | K50: 0.3 | M50: 30 | N50: 125 | O50: 3 | Q50: 0.01 | S50: 0.35 | AA50: 0.474 | AB50: 0.769 | AC50: 25 | AD50: 0 | AF50: 0 | AG50: 0 | AH50: =AG50*3.33 -> 0 | AI50: =AG50+AM50/12+AN50/24+AO50/24 -> 0 | AK50: 0.25 | AL50: 0 | AM50: 0 | AN50: 0 | AO50: 0 | AP50: 0 | AQ50: 0 | AW50: 0.09 | AX50: 0.056 | AY50: 0 | AZ50: 0.012 | BA50: 0 | BB50: 0 | BC50: 0 | BD50: 0.008 | BE50: 0 | BF50: 0.003 | BG50: 0.004 | BH50: 0.15 | BI50: 0.112 | BJ50: 0.035 | BK50: 0 | BL50: 0 | BM50: 0 | BO50: 0 | BQ50: 35 | BR50: 8 | BS50: 9 | BT50: 24 | BU50: 20 | BV50: 36 | BW50: 33 | BX50: 22 | BY50: 25 | BZ50: 10 | CA50: 5 | CB50: 12 | CC50: 21 | CD50: 91 | CE50: 80 | CF50: 17 | CG50: 21 | CH50: 21
A51: 44 | B51: 2020 | C51: Bột sắn | D51: TV | E51: =G51*4+H51*9+I51*4 -> 341.3 | F51: 14 | G51: 2.4 | H51: 0.5 | I51: =100-SUM(F51,G51,H51,K51) -> 81.8 | J51: 2.2 | K51: 1.3 | M51: 84 | N51: 37 | Q51: 0.02 | R51: 0.03 | S51: 0.06 | AG51: 0 | AH51: =AG51*3.33 -> 0 | AI51: =AG51+AM51/12+AN51/24+AO51/24 -> 0 | AM51: 0 | AN51: 0 | AO51: 0 | AP51: 0 | AQ51: 0 | BO51: 0
A52: 45 | B52: 2021 | C52: Bột sắn dây | D52: TV | E52: =G52*4+H52*9+I52*4 -> 343.2 | F52: 14 | G52: 0.7 | I52: =100-SUM(F52,G52,H52,K52) -> 85.1 | J52: 0.8 | K52: 0.2 | M52: 18 | N52: 20 | O52: 1.5 | AG52: 0 | AH52: =AG52*3.33 -> 0 | AI52: =AG52+AM52/12+AN52/24+AO52/24 -> 0 | AM52: 0 | AN52: 0 | AO52: 0 | AP52: 0 | AQ52: 0 | BO52: 0
A53: 46 | B53: 2022 | C53: Khoai lang khô | D53: TV | E53: =G53*4+H53*9+I53*4 -> 347.7 | F53: 11 | G53: 2.2 | H53: 0.5 | I53: =100-SUM(F53,G53,H53,K53) -> 83.6 | J53: 3.6 | K53: 2.7 | M53: 94.5625 | N53: 137.39375 | O53: 2.78125 | Q53: 0.09 | R53: 0.07 | S53: 1.66875 | T53: 86.21875 | U53: 584.0625 | V53: 559.03125 | W53: 1.0763437 | X53: 0.55625 | Y53: 723.125 | Z53: 19.746875 | AA53: 2.225 | AB53: 0.58128125 | AC53: 30.59375 | AD53: 0 | AF53: 0 | AG53: 0 | AH53: =AG53*3.33 -> 0 | AI53: =AG53+AM53/12+AN53/24+AO53/24 -> 34.765625 | AK53: 0.723125 | AL53: 5.00625 | AM53: 417.1875 | AW53: 0.045 | AX53: 0.045 | AY53: 0 | AZ53: 0.0025 | BA53: 0 | BB53: 0 | BC53: 0 | BD53: 0.0025 | BE53: 0 | BF53: 0 | BG53: 0.0025 | BH53: 0.035 | BI53: 0.0325 | BJ53: 0.0025 | BK53: 0 | BL53: 0 | BM53: 0 | BO53: 0 | BQ53: 70 | BR53: 30 | BS53: 4 | BT53: 100 | BU53: 110 | BV53: 90 | BW53: 120 | BX53: 90 | BY53: 90 | BZ53: 40 | CA53: 33 | CB53: 132 | CC53: 159.5 | CD53: 484 | CE53: 382.25 | CF53: 115.5 | CG53: 93.5 | CH53: 137.5
A54: 47 | B54: 2023 | C54: Khoai tây khô | D54: TV | E54: =G54*4+H54*9+I54*4 -> 343.1 | F54: 11 | G54: 6.6 | H54: 0.3 | I54: =100-SUM(F54,G54,H54,K54) -> 78.5 | J54: 3.4 | K54: 3.6 | M54: 37 | N54: 180 | O54: 4.3 | Q54: 0.356 | R54: 0.178 | S54: 3.204 | T54: 24.92 | U54: 1409.76 | V54: 113.92 | W54: 0.712 | X54: 1.068 | Y54: 818.8 | Z54: 1.78 | AA54: 1.00036 | AB54: 0.72268 | AC54: 64.08 | AD54: 0 | AF54: 0 | AG54: 0 | AH54: =AG54*3.33 -> 0 | AI54: =AG54+AM54/12+AN54/24+AO54/24 -> 1.4833333 | AK54: 0.0356 | AL54: 5.696 | AM54: 17.8 | AN54: 0 | AO54: 0 | AP54: 0 | AQ54: 46.28 | AW54: 0.078 | AX54: 0.048 | AY54: 0 | AZ54: 0.012 | BA54: 0 | BB54: 0 | BC54: 0 | BD54: 0.006 | BE54: 0 | BF54: 0.003 | BG54: 0.003 | BH54: 0.126 | BI54: 0.096 | BJ54: 0.03 | BK54: 0 | BL54: 0 | BM54: 0 | BO54: 0 | BQ54: 330 | BR54: 110 | BS54: 50 | BT54: 360 | BU54: 240 | BV54: 320 | BW54: 750 | BX54: 750 | BY54: 290 | BZ54: 110 | CA54: 33 | CB54: 155.1 | CC54: 250.8 | CD54: 696.3 | CE54: 574.2 | CF54: 211.2 | CG54: 211.2 | CH54: 231
A55: 48 | B55: 2024 | C55: Khoai tây lát chiên | D55: TV | E55: =G55*4+H55*9+I55*4 -> 549.8 | F55: 3 | G55: 2.2 | H55: 35.4 | I55: =100-SUM(F55,G55,H55,K55) -> 55.6 | J55: 6.3 | K55: 3.8 | M55: 37 | N55: 130 | O55: 2.1 | P55: 1 | Q55: 0.15 | R55: 0.02 | S55: 4.6 | AG55: 0 | AH55: =AG55*3.33 -> 0 | AI55: =AG55+AM55/12+AN55/24+AO55/24 -> 0 | BO55: 0
A56: 49 | B56: 2025 | C56: Sắn khô | D56: TV | E56: =G56*4+H56*9+I56*4 -> 351.5 | F56: 11 | G56: 3 | H56: 0.7 | I56: =100-SUM(F56,G56,H56,K56) -> 83.3 | J56: 3 | K56: 2 | M56: 96 | N56: 81 | O56: 7.9 | Q56: 0.06 | R56: 0.05 | S56: 0.8 | AG56: 0 | AH56: =AG56*3.33 -> 0 | AI56: =AG56+AM56/12+AN56/24+AO56/24 -> 0 | AM56: 0 | AN56: 0 | AO56: 0 | AP56: 0 | AQ56: 0 | BO56: 0
A57: 50 | B57: 2026 | C57: Trân châu sắn | D57: TV | E57: =G57*4+H57*9+I57*4 -> 343.6 | F57: 14 | G57: 1 | I57: =100-SUM(F57,G57,H57,K57) -> 84.9 | J57: 0.6 | K57: 0.1 | M57: 30 | N57: 50 | O57: 2 | Q57: 0.04 | AG57: 0 | AH57: =AG57*3.33 -> 0 | AI57: =AG57+AM57/12+AN57/24+AO57/24 -> 0 | AM57: 0 | AN57: 0 | AO57: 0 | AP57: 0 | AQ57: 0 | BO57: 0
A59: III | C59: Hạt, quả giàu đạm, béo và sản phẩm chế biến
A60: 51 | B60: 3001 | C60: Cùi dừa già | D60: TV | E60: =G60*4+H60*9+I60*4 -> 384.8 | F60: 47.6 | G60: 4.8 | H60: 36 | I60: =100-SUM(F60,G60,H60,K60) -> 10.4 | J60: 4.2 | K60: 1.2 | M60: 30 | N60: 154 | O60: 30 | P60: 2 | Q60: 0.1 | R60: 0.01 | S60: 0.2 | T60: 7 | U60: 555 | V60: 160 | W60: 1.3 | X60: 5 | Y60: 50 | AA60: 0.3 | AB60: 0.054 | AC60: 26 | AD60: 0 | AF60: 0 | AG60: 0 | AH60: =AG60*3.33 -> 0 | AI60: =AG60+AM60/12+AN60/24+AO60/24 -> 0 | AK60: 0.24 | AL60: 0.2 | AM60: 0 | AN60: 0 | AO60: 0 | AP60: 0 | AQ60: 0 | AW60: 29.698 | AX60: 2.839 | AY60: 0 | AZ60: 1.734 | BA60: 0 | BB60: 0 | BC60: 0 | BD60: 1.425 | BE60: 0 | BF60: 0 | BG60: 1.425 | BH60: 0.366 | BI60: 0.366 | BJ60: 0 | BK60: 0 | BL60: 0 | BM60: 0 | BO60: 0 | BQ60: 147 | BR60: 62 | BS60: 39 | BT60: 169 | BU60: 121 | BV60: 202 | BW60: 247 | BX60: 131 | BY60: 546 | BZ60: 77 | CA60: 66 | CB60: 103 | CC60: 170 | CD60: 325 | CE60: 761 | CF60: 158 | CG60: 138 | CH60: 172
A61: 52 | B61: 3002 | C61: Cùi dừa non | D61: TV | E61: =G61*4+H61*9+I61*4 -> 53.7 | F61: 87.8 | G61: 3.5 | H61: 1.7 | I61: =100-SUM(F61,G61,H61,K61) -> 6.1 | J61: 3.5 | K61: 0.9 | M61: 4 | N61: 53 | O61: 1 | P61: 6 | Q61: 0.04 | R61: 0.03 | S61: 0.8 | T61: 141 | U61: 454 | V61: 74 | AG61: 0 | AH61: =AG61*3.33 -> 0 | AI61: =AG61+AM61/12+AN61/24+AO61/24 -> 0 | AM61: 0 | AN61: 0 | AO61: 0 | AP61: 0 | AQ61: 0 | BO61: 0
A62: 53 | B62: 3003 | C62: Đậu cô ve (hạt) | D62: TV | E62: =G62*4+H62*9+I62*4 -> 335.2 | F62: 14 | G62: 21.8 | H62: 1.6 | I62: =100-SUM(F62,G62,H62,K62) -> 58.4 | J62: 3.5 | K62: 4.2 | M62: 96 | N62: 360 | AG62: 0 | AH62: =AG62*3.33 -> 0 | AI62: =AG62+AM62/12+AN62/24+AO62/24 -> 0 | AV62: 37 | BO62: 0
A63: 54 | B63: 3004 | C63: Đậu đen (hạt) | D63: TV | E63: =G63*4+H63*9+I63*4 -> 341.3 | F63: 14 | G63: 24.2 | H63: 1.7 | I63: =100-SUM(F63,G63,H63,K63) -> 57.3 | J63: 4 | K63: 2.8 | M63: 56 | N63: 354 | O63: 6.1 | P63: 3 | Q63: 0.5 | R63: 0.21 | S63: 1.8 | AA63: 0.899 | AB63: 0.286 | AC63: 444 | AD63: 0 | AG63: 0 | AH63: =AG63*3.33 -> 0 | AI63: =AG63+AM63/12+AN63/24+AO63/24 -> 2.5 | AK63: 0.22 | AL63: 6 | AM63: 30 | AR63: 0 | AS63: 0 | AT63: 0 | AU63: 0 | AV63: 222 | AW63: 0.366 | AX63: 0.343 | AY63: 0 | AZ63: 0.022 | BA63: 0 | BB63: 0 | BC63: 0 | BD63: 0.123 | BE63: 0 | BF63: 0 | BG63: 0.123 | BH63: 0.61 | BI63: 0.332 | BJ63: 0.278 | BK63: 0 | BL63: 0 | BM63: 0 | BO63: 0 | BQ63: 1483 | BR63: 325 | BS63: 256 | BT63: 1168 | BU63: 909 | BV63: 1130 | BW63: 1725 | BX63: 954 | BY63: 1337 | BZ63: 601 | CA63: 235 | CB63: 608 | CC63: 905 | CD63: 2613 | CE63: 3294 | CF63: 843 | CG63: 916 | CH63: 1175
A64: 55 | B64: 3005 | C64: Đậu đũa (hạt) | D64: TV | E64: =G64*4+H64*9+I64*4 -> 337.6 | F64: 14 | G64: 23.7 | H64: 2 | I64: =100-SUM(F64,G64,H64,K64) -> 56.2 | J64: 4.3 | K64: 4.1 | M64: 110 | N64: 382 | O64: 6.5 | P64: 1 | Q64: 0.59 | R64: 0.22 | S64: 2.3 | AA64: 1.496 | AB64: 0.357 | AC64: 633 | AD64: 0 | AF64: 0 | AG64: 0 | AH64: =AG64*3.33 -> 0 | AI64: =AG64+AM64/12+AN64/24+AO64/24 -> 0.83333333 | AK64: 0.39 | AL64: 5 | AM64: 10 | AR64: 0.03 | AS64: 0.01 | AT64: 0.02 | AW64: 0.331 | AX64: 0.254 | AY64: 0 | AZ64: 0.053 | BA64: 0 | BB64: 0 | BC64: 0 | BD64: 0.106 | BE64: 0 | BF64: 0.004 | BG64: 0.088 | BH64: 0.542 | BI64: 0.343 | BJ64: 0.199 | BK64: 0 | BL64: 0 | BM64: 0 | BO64: 0 | BQ64: 1503 | BR64: 312 | BS64: 323 | BT64: 1176 | BU64: 911 | BV64: 1554 | BW64: 1931 | BX64: 1514 | BY64: 1975 | BZ64: 1140 | CA64: 123 | CB64: 592 | CC64: 908 | CD64: 2904 | CE64: 3594 | CF64: 871 | CG64: 1488 | CH64: 1198
A65: 56 | B65: 3006 | C65: Đậu Hà lan (hạt) | D65: TV | E65: =G65*4+H65*9+I65*4 -> 341.8 | F65: 13.6 | G65: 22.2 | H65: 1.4 | I65: =100-SUM(F65,G65,H65,K65) -> 60.1 | J65: 6 | K65: 2.7 | M65: 57 | N65: 303 | O65: 4.4 | P65: 2 | Q65: 0.77 | R65: 0.18 | S65: 3.1 | T65: 9 | U65: 135 | V65: 145 | X65: 4 | Y65: 930 | Z65: 0.4 | AA65: 1.758 | AB65: 0.174 | AC65: 274 | AD65: 0 | AF65: 0 | AG65: 0 | AH65: =AG65*3.33 -> 0 | AI65: =AG65+AM65/12+AN65/24+AO65/24 -> 5.8333333 | AK65: 0.09 | AL65: 14.5 | AM65: 70 | AR65: 2.42 | AS65: 2.42 | AW65: 0.161 | AX65: 0.125 | AY65: 0 | AZ65: 0.031 | BA65: 0 | BB65: 0 | BC65: 0 | BD65: 0.242 | BE65: 0 | BF65: 0 | BG65: 0.232 | BH65: 0.495 | BI65: 0.411 | BJ65: 0.084 | BK65: 0 | BL65: 0 | BM65: 0 | BO65: 0 | BP65: 135 | BQ65: 1772 | BR65: 251 | BS65: 275 | BT65: 1132 | BU65: 872 | BV65: 1159 | BW65: 1760 | BX65: 1014 | BY65: 2188 | BZ65: 597 | CA65: 373 | CB65: 711 | CC65: 1080 | CD65: 2896 | CE65: 4196 | CF65: 1092 | CG65: 1014 | CH65: 1080
A66: 57 | B66: 3007 | C66: Đậu tương (đậu nành) | D66: TV | E66: =G66*4+H66*9+I66*4 -> 418 | F66: 14 | G66: 34 | H66: 18.4 | I66: =100-SUM(F66,G66,H66,K66) -> 29.1 | J66: 4.5 | K66: 4.5 | M66: 165 | N66: 690 | O66: 11 | P66: 4 | Q66: 0.54 | R66: 0.29 | S66: 2.3 | T66: 2 | U66: 1504 | V66: 236 | W66: 1.2 | X66: 3.8 | Y66: 300 | Z66: 1.5 | AA66: 0.793 | AB66: 0.377 | AC66: 375 | AD66: 0 | AE66: 60 | AF66: 0 | AG66: 0 | AH66: =AG66*3.33 -> 0 | AI66: =AG66+AM66/12+AN66/24+AO66/24 -> 2.5 | AK66: 0.85 | AL66: 47 | AM66: 30 | AR66: 151.17 | AS66: 67.79 | AT66: 72.51 | AU66: 10.88 | AW66: 2.884 | AX66: 2.116 | AY66: 0 | AZ66: 0.712 | BA66: 0 | BB66: 0 | BC66: 0 | BD66: 4.404 | BE66: 0 | BF66: 0.055 | BG66: 4.348 | BH66: 11.255 | BI66: 9.925 | BJ66: 1.33 | BK66: 0 | BL66: 0 | BM66: 0 | BO66: 0 | BP66: 161 | BQ66: 1970 | BR66: 680 | BS66: 480 | BT66: 1800 | BU66: 1600 | BV66: 1430 | BW66: 2240 | BX66: 1670 | BY66: 2410 | BZ66: 780 | CA66: 485 | CB66: 988 | CC66: 1671 | CD66: 4361 | CE66: 7098 | CF66: 1551 | CG66: 1989 | CH66: 1851
A67: 58 | B67: 3008 | C67: Đậu trắng hạt (Đậu Tây) | D67: TV | E67: =G67*4+H67*9+I67*4 -> 341.3 | F67: 14 | G67: 23.2 | H67: 2.1 | I67: =100-SUM(F67,G67,H67,K67) -> 57.4 | J67: 3.6 | K67: 3.3 | M67: 160 | N67: 514 | O67: 6.8 | P67: 3 | Q67: 0.54 | R67: 0.18 | S67: 2.1 | AA67: 0.78 | AB67: 0.397 | AC67: 394 | AD67: 0 | AF67: 0 | AG67: 0 | AH67: =AG67*3.33 -> 0 | AI67: =AG67+AM67/12+AN67/24+AO67/24 -> 0.83333333 | AK67: 0.22 | AL67: 19 | AM67: 10 | AR67: 0.06 | AS67: 0.02 | AT67: 0.04 | AV67: 128 | AW67: 0.12 | AX67: 0.106 | AY67: 0 | AZ67: 0.014 | BA67: 0 | BB67: 0 | BC67: 0 | BD67: 0.064 | BE67: 0 | BF67: 0 | BG67: 0.064 | BH67: 0.457 | BI67: 0.178 | BJ67: 0.279 | BK67: 0 | BL67: 0 | BM67: 0 | BO67: 0 | BP67: 127 | BQ67: 1160 | BR67: 300 | BS67: 320 | BT67: 1280 | BU67: 740 | BV67: 930 | BW67: 1460 | BX67: 950 | BY67: 1620 | BZ67: 600 | CA67: 133 | CB67: 631 | CC67: 551 | CD67: 1976 | CE67: 3564 | CF67: 680 | CG67: 778 | CH67: 1069
A68: 59 | B68: 3009 | C68: Đậu trứng cuốc | D68: TV | E68: =G68*4+H68*9+I68*4 -> 340.4 | F68: 14 | G68: 25.8 | H68: 2 | I68: =100-SUM(F68,G68,H68,K68) -> 54.8 | J68: 4.8 | K68: 3.4 | AG68: 0 | AH68: =AG68*3.33 -> 0 | AI68: =AG68+AM68/12+AN68/24+AO68/24 -> 0 | BO68: 0
A69: 60 | B69: 3010 | C69: Đậu xanh (đậu tắt) | D69: TV | E69: =G69*4+H69*9+I69*4 -> 346.4 | F69: 14 | G69: 23.4 | H69: 2.4 | I69: =100-SUM(F69,G69,H69,K69) -> 57.8 | J69: 4.7 | K69: 2.4 | M69: 64 | N69: 377 | O69: 4.8 | P69: 4 | Q69: 0.72 | R69: 0.15 | S69: 2.4 | T69: 6 | U69: 1132 | V69: 270 | X69: 1.1 | Y69: 880 | AA69: 1.91 | AB69: 0.382 | AC69: 625 | AD69: 0 | AE69: 0.7 | AF69: 0 | AG69: 0 | AH69: =AG69*3.33 -> 0 | AI69: =AG69+AM69/12+AN69/24+AO69/24 -> 2.5 | AK69: 0.51 | AL69: 9 | AM69: 30 | AR69: 0.19 | AS69: 0.01 | AT69: 0.18 | AW69: 0.348 | AX69: 0.25 | AY69: 0 | AZ69: 0.071 | BA69: 0 | BB69: 0 | BC69: 0 | BD69: 0.161 | BE69: 0 | BF69: 0 | BG69: 0.161 | BH69: 0.384 | BI69: 0.357 | BJ69: 0.027 | BK69: 0 | BL69: 0 | BM69: 0 | BO69: 0 | BP69: 23 | BQ69: 2145 | BR69: 458 | BS69: 432 | BT69: 1259 | BU69: 736 | BV69: 989 | BW69: 1607 | BX69: 941 | BY69: 1470 | BZ69: 663 | CA69: 113 | CB69: 556 | CC69: 809 | CD69: 2449 | CE69: 3122 | CF69: 758 | CG69: 802 | CH69: 908
A70: 61 | B70: 3011 | C70: Hạt dẻ to | D70: TV | E70: =G70*4+H70*9+I70*4 -> 651.8 | F70: 9 | G70: 18 | H70: 59 | I70: =100-SUM(F70,G70,H70,K70) -> 12.2 | J70: 3.5 | K70: 1.8 | M70: 61 | N70: 510 | O70: 2.3 | P70: 3 | Q70: 0.48 | R70: 0.13 | S70: 1.2 | AH70: =AG70*3.33 -> 0 | AI70: =AG70+AM70/12+AN70/24+AO70/24 -> 0.83333333 | AM70: 10
A71: 62 | B71: 3012 | C71: Hạt dẻ tươi | D71: TV | E71: =G71*4+H71*9+I71*4 -> 223.07 | F71: 43.95 | G71: 4.2 | H71: 1.11 | I71: =100-SUM(F71,G71,H71,K71) -> 49.07 | J71: - | K71: 1.67 | M71: 18 | N71: 96 | O71: 1.41 | P71: 36 | Q71: 0.16 | R71: 0.18 | S71: 0.8 | T71: 3 | U71: 447 | V71: 84 | W71: 1.601 | X71: 0.87 | Y71: 363 | AA71: 0.555 | AB71: 0.41 | AC71: 68 | AD71: 0 | AE71: 1.3 | AF71: 0 | AG71: 0 | AH71: =AG71*3.33 -> 0 | AI71: =AG71+AM71/12+AN71/24+AO71/24 -> 0 | AW71: 0.164 | AX71: 0.151 | AY71: 0 | AZ71: 0.011 | BA71: 0 | BB71: 0 | BC71: 0 | BD71: 0.581 | BE71: 0 | BF71: 0.008 | BG71: 0.559 | BH71: 0.288 | BI71: 0.258 | BJ71: 0.028 | BK71: 0 | BL71: 0 | BM71: 0 | BO71: 0 | BQ71: 228 | BR71: 101 | BS71: 49 | BT71: 190 | BU71: 167 | BV71: 220 | BW71: 259 | BX71: 157 | BY71: 430 | BZ71: 121 | CA71: 110 | CB71: 125 | CC71: 200 | CD71: 852 | CE71: 537 | CF71: 184 | CG71: 162 | CH71: 184
A72: 63 | B72: 3013 | C72: Hạt dẻ khô | D72: TV | E72: =G72*4+H72*9+I72*4 -> 362.61 | F72: 8.9 | G72: 6.82 | H72: 1.81 | I72: =100-SUM(F72,G72,H72,K72) -> 79.76 | J72: - | K72: 2.71 | M72: 29 | N72: 155 | O72: 2.29 | P72: 58.5 | Q72: 0.26 | R72: 0.293 | S72: 1.3 | T72: 5 | U72: 726 | V72: 137 | W72: 2.601 | X72: 1.41 | Y72: 590 | AA72: 0.902 | AB72: 0.666 | AC72: 110 | AD72: 0 | AF72: 0 | AG72: 0 | AH72: =AG72*3.33 -> 0 | AI72: =AG72+AM72/12+AN72/24+AO72/24 -> 0 | AW72: 0.266 | AX72: 0.246 | AY72: 0 | AZ72: 0.019 | BA72: 0 | BB72: 0 | BC72: 0 | BD72: 0.945 | BE72: 0 | BF72: 0.012 | BG72: 0.909 | BH72: 0.468 | BI72: 0.419 | BJ72: 0.045 | BK72: 0 | BL72: 0 | BM72: 0 | BO72: 0 | BQ72: 371 | BR72: 0.165 | BS72: 80 | BT72: 309 | BU72: 272 | BV72: 358 | BW72: 421 | BX72: 255 | BY72: 699 | BZ72: 197 | CA72: 179 | CB72: 203 | CC72: 324 | CD72: 1385 | CE72: 873 | CF72: 299 | CG72: 263 | CH72: 299
A73: 64 | B73: 3014 | C73: Hạt đen | D73: TV | E73: =G73*4+H73*9+I73*4 -> 486.2 | F73: 12 | G73: 17.3 | H73: 29 | I73: =100-SUM(F73,G73,H73,K73) -> 39 | J73: 3.5 | K73: 2.7 | M73: 84 | N73: 255 | AG73: 0 | AH73: =AG73*3.33 -> 0 | AI73: =AG73+AM73/12+AN73/24+AO73/24 -> 0 | BO73: 0
A74: 65 | B74: 3015 | C74: Hạt điều | D74: TV | E74: =G74*4+H74*9+I74*4 -> 607.5 | F74: 3.4 | G74: 18.4 | H74: 46.3 | I74: =100-SUM(F74,G74,H74,K74) -> 29.3 | J74: 0.6 | K74: 2.6 | L74: 5.91 | M74: 28 | N74: 462 | O74: 3.6 | P74: 1 | Q74: 0.25 | R74: 0.34 | S74: 2.4 | T74: 12 | U74: 660 | V74: 292 | W74: 1.655 | X74: 5.78 | Y74: 2195 | Z74: 19.9 | AA74: 0.864 | AB74: 0.417 | AC74: 25 | AD74: 0 | AF74: 0 | AG74: 0 | AH74: =AG74*3.33 -> 0 | AI74: =AG74+AM74/12+AN74/24+AO74/24 -> 0.41666667 | AK74: 0.9 | AL74: 34.1 | AM74: 5 | AW74: 7.783 | AX74: 3.916 | AY74: 0.046 | AZ74: 3.223 | BA74: 0.266 | BB74: 0.173 | BC74: 0.101 | BD74: 23.797 | BE74: 0 | BF74: 0.136 | BG74: 23.523 | BH74: 7.845 | BI74: 7.782 | BJ74: 0.062 | BK74: 0 | BL74: 0 | BM74: 0 | BO74: 0 | BQ74: 928 | BR74: 362 | BS74: 287 | BT74: 951 | BU74: 688 | BV74: 1094 | BW74: 1472 | BX74: 789 | BY74: 2123 | BZ74: 456 | CA74: 393 | CB74: 508 | CC74: 837 | CD74: 1795 | CE74: 4506 | CF74: 937 | CG74: 812 | CH74: 1079
A75: 66 | B75: 3016 | C75: Hạt mít | D75: TV | E75: =G75*4+H75*9+I75*4 -> 165.9 | F75: 58.2 | G75: 0.7 | H75: 1.1 | I75: =100-SUM(F75,G75,H75,K75) -> 38.3 | J75: - | K75: 1.7 | M75: 46 | N75: 34.4 | O75: 3.4 | AG75: 0 | AH75: =AG75*3.33 -> 0 | AI75: =AG75+AM75/12+AN75/24+AO75/24 -> 0 | AM75: 0 | AN75: 0 | AO75: 0 | AP75: 0 | AQ75: 0 | BO75: 0
A76: 67 | B76: 3017 | C76: Lạc hạt | D76: TV | E76: =G76*4+H76*9+I76*4 -> 582.5 | F76: 7.5 | G76: 27.5 | H76: 44.5 | I76: =100-SUM(F76,G76,H76,K76) -> 18 | J76: 2.5 | K76: 2.5 | M76: 68 | N76: 420 | O76: 2.2 | P76: 0.8 | Q76: 0.44 | R76: 0.12 | S76: 16 | T76: 4 | U76: 421 | V76: 185 | W76: 1.6 | X76: 1.9 | Y76: 420 | AA76: 1.767 | AB76: 0.348 | AC76: 240 | AD76: 0 | AF76: 0 | AG76: 0 | AH76: =AG76*3.33 -> 0 | AI76: =AG76+AM76/12+AN76/24+AO76/24 -> 0.83333333 | AK76: 8.33 | AL76: 0 | AM76: 10 | AR76: 0.26 | AS76: 0.03 | AT76: 0.24 | AV76: 74 | AW76: 6.834 | AX76: 5.154 | AY76: 0 | AZ76: 1.1 | BA76: 0 | BB76: 0 | BC76: 0 | BD76: 24.429 | BE76: 0 | BF76: 0.009 | BG76: 23.756 | BH76: 15.559 | BI76: 15.555 | BJ76: 0.003 | BK76: 0 | BL76: 0 | BM76: 0 | BO76: 0 | BP76: 220 | BQ76: 990 | BR76: 360 | BS76: 300 | BT76: 1680 | BU76: 770 | BV76: 1290 | BW76: 1760 | BX76: 880 | BY76: 2720 | BZ76: 580 | CA76: 249 | CB76: 669 | CC76: 669 | CD76: 2952 | CE76: 5070 | CF76: 1287 | CG76: 1236 | CH76: 1557
A77: 68 | B77: 3018 | C77: Quả cọ tươi | D77: TV | E77: =G77*4+H77*9+I77*4 -> 192.2 | F77: 67.1 | G77: 2.3 | H77: 13.4 | I77: =100-SUM(F77,G77,H77,K77) -> 15.6 | J77: 3.5 | K77: 1.6 | M77: 38 | N77: 34 | O77: 0.2 | P77: 8 | Q77: 0.05 | R77: 0.18 | S77: 0.9 | T77: 14 | U77: 1806 | V77: 10 | X77: 3.73 | Y77: 644 | Z77: 0.7 | AB77: 0.81 | AC77: 24 | AD77: 0 | AF77: 0 | AG77: 0 | AH77: =AG77*3.33 -> 0 | AI77: =AG77+AM77/12+AN77/24+AO77/24 -> 3.4166667 | AK77: 0.5 | AM77: 41 | AW77: 0.046 | AX77: 0.034 | AY77: 0 | AZ77: 0.004 | BA77: 0 | BB77: 0 | BC77: 0 | BD77: 0.005 | BE77: 0 | BF77: 0.005 | BG77: 0 | BH77: 0.089 | BI77: 0.076 | BJ77: 0.013 | BK77: 0 | BL77: 0 | BM77: 0 | BO77: 0
A78: 69 | B78: 3019 | C78: Quả đại hái tươi | D78: TV | E78: =G78*4+H78*9+I78*4 -> 440.4 | F78: 35 | G78: 20 | H78: 38 | I78: =100-SUM(F78,G78,H78,K78) -> 4.6 | J78: 3.4 | K78: 2.4 | M78: 66 | N78: 440 | O78: 3.1 | AG78: 0 | AH78: =AG78*3.33 -> 0 | AI78: =AG78+AM78/12+AN78/24+AO78/24 -> 0 | BO78: 0
A79: 70 | B79: 3020 | C79: Vừng (đen, trắng) | D79: TV | E79: =G79*4+H79*9+I79*4 -> 582.4 | F79: 7.6 | G79: 20.1 | H79: 46.4 | I79: =100-SUM(F79,G79,H79,K79) -> 21.1 | J79: 3.5 | K79: 4.8 | L79: 0.3 | M79: 975 | N79: 629 | O79: 14.55 | P79: 0 | Q79: 0.791 | R79: 0.247 | S79: 4.515 | T79: 11 | U79: 468 | V79: 351 | W79: 2.46 | X79: 7.75 | Y79: 4082 | Z79: 5.7 | AA79: 0.05 | AB79: 0.79 | AC79: 97 | AD79: 0 | AF79: 0 | AG79: 0 | AH79: =AG79*3.33 -> 0 | AI79: =AG79+AM79/12+AN79/24+AO79/24 -> 1.25 | AK79: 0.25 | AL79: 0 | AM79: 15 | AV79: 62 | AW79: 6.957 | AX79: 4.441 | AY79: 0 | AZ79: 2.09 | BA79: 0 | BB79: 0 | BC79: 0 | BD79: 18.759 | BE79: 0 | BF79: 0.149 | BG79: 18.521 | BH79: 21.773 | BI79: 21.375 | BJ79: 0.376 | BK79: 0 | BL79: 0 | BM79: 0 | BO79: 0 | BP79: 714 | BQ79: 680 | BR79: 600 | BS79: 360 | BT79: 1410 | BU79: 680 | BV79: 1000 | BW79: 1410 | BX79: 840 | BY79: 1850 | BZ79: 300 | CA79: 202 | CB79: 712 | CC79: 1082 | CD79: 1134 | CE79: 4154 | CF79: 1245 | CG79: 1245 | CH79: 982
A80: 71 | B80: 3021 | C80: Bột đậu tương đã loại béo (đậu nành) | D80: TV | E80: =G80*4+H80*9+I80*4 -> 331 | F80: 14 | G80: 49 | H80: 1 | I80: =100-SUM(F80,G80,H80,K80) -> 31.5 | J80: 2.5 | K80: 4.5 | M80: 247 | N80: 602 | O80: 7.6 | P80: 0 | Q80: 0.7 | R80: 0.3 | S80: 2 | T80: 20 | U80: 2384 | V80: 290 | W80: 3.018 | X80: 2.46 | Y80: 4067 | Z80: 1.7 | AA80: 1.995 | AB80: 0.574 | AC80: 305 | AD80: 0 | AF80: 0 | AG80: 0 | AH80: =AG80*3.33 -> 0 | AI80: =AG80+AM80/12+AN80/24+AO80/24 -> 2.9166667 | AK80: 0.2 | AL80: 4.1 | AM80: 35 | AR80: 131.19 | AS80: 57.47 | AT80: 71.21 | AU80: 7.55 | AW80: 0.136 | AX80: 0.1 | AY80: 0 | AZ80: 0.034 | BA80: 0 | BB80: 0 | BC80: 0 | BD80: 0.208 | BE80: 0 | BF80: 0.003 | BG80: 0.206 | BH80: 0.533 | BI80: 0.47 | BJ80: 0.063 | BK80: 0 | BL80: 0 | BM80: 0 | BO80: 0 | BQ80: 3129 | BR80: 634 | BS80: 683 | BT80: 2453 | BU80: 2042 | BV80: 2346 | BW80: 3828 | BX80: 2281 | BY80: 3647 | BZ80: 1268 | CA80: 757 | CB80: 1778 | CC80: 2215 | CD80: 5911 | CE80: 9106 | CF80: 2174 | CG80: 2750 | CH80: 2725
A81: 72 | B81: 3022 | C81: Bột đậu tương rang chín | D81: TV | E81: =G81*4+H81*9+I81*4 -> 427.6 | F81: 10 | G81: 41 | H81: 18 | I81: =100-SUM(F81,G81,H81,K81) -> 25.4 | J81: 2.5 | K81: 5.6 | M81: 189 | N81: 540 | O81: 7.5 | Q81: 0.4 | R81: 0.16 | S81: 2 | AG81: 0 | AH81: =AG81*3.33 -> 0 | AI81: =AG81+AM81/12+AN81/24+AO81/24 -> 0 | AR81: 198.95 | AS81: 99.27 | AT81: 98.75 | AU81: 16.4 | AW81: 3.162 | AX81: 2.32 | AY81: 0 | AZ81: 0.78 | BA81: 0 | BB81: 0 | BC81: 0 | BD81: 4.289 | BE81: 0 | BF81: 0.061 | BG81: 4.768 | BH81: 12.341 | BI81: 10.883 | BJ81: 1.458 | BK81: 0 | BL81: 0 | BM81: 0 | BO81: 0 | BQ81: 2316 | BR81: 469 | BS81: 506 | BT81: 1816 | BU81: 1511 | BV81: 1737 | BW81: 2834 | BX81: 1688 | BY81: 2700 | BZ81: 938 | CA81: 561 | CB81: 1316 | CC81: 1639 | CD81: 4375 | CE81: 6740 | CF81: 1609 | CG81: 2035 | CH81: 2017
A82: 73 | B82: 3023 | C82: Bột đậu xanh | D82: TV | E82: =G82*4+H82*9+I82*4 -> 362.5 | F82: 10 | G82: 24.6 | H82: 2.5 | I82: =100-SUM(F82,G82,H82,K82) -> 60.4 | J82: 3.9 | K82: 2.5 | M82: 50 | N82: 100 | O82: 5 | P82: 4.1860465 | Q82: 0.75348837 | R82: 0.15697674 | S82: 2.5116279 | T82: 6.2790698 | U82: 1185 | V82: 283 | X82: 1.1511628 | Y82: 920.93023 | AA82: 1.9988372 | AB82: 0.39976744 | AC82: 654.06977 | AD82: 0 | AE82: 0.73255814 | AF82: 0 | AG82: 0 | AH82: =AG82*3.33 -> 0 | AI82: =AG82+AM82/12+AN82/24+AO82/24 -> 0 | AK82: 0.53372093 | AL82: 9.4186047 | AR82: 0.19883721 | AS82: 0.010465116 | AT82: 0.18837209 | AW82: 0.3625 | AX82: 0.26041667 | AY82: 0 | AZ82: 0.073958333 | BA82: 0 | BB82: 0 | BC82: 0 | BD82: 0.16770833 | BE82: 0 | BF82: 0 | BG82: 0.16770833 | BH82: 0.4 | BI82: 0.371875 | BJ82: 0.028125 | BK82: 0 | BL82: 0 | BM82: 0 | BO82: 0 | BQ82: 2255 | BR82: 481.48718 | BS82: 454.15385 | BT82: 1323.5641 | BU82: 773.74359 | BV82: 1039.7179 | BW82: 1689.4103 | BX82: 989.25641 | BY82: 1545.3846 | BZ82: 697 | CA82: 118.79487 | CB82: 584.51282 | CC82: 850.48718 | CD82: 2574.5897 | CE82: 3282.1026 | CF82: 796.87179 | CG82: 843.12821 | CH82: 954.5641
A83: 74 | B83: 3024 | C83: Bột lạc | D83: TV | E83: =G83*4+H83*9+I83*4 -> 583.4 | F83: 8 | G83: 27.5 | H83: 45 | I83: =100-SUM(F83,G83,H83,K83) -> 17.1 | J83: 2.1 | K83: 2.4 | M83: 80 | N83: 380 | O83: 3 | Q83: 0.4 | R83: 0.11 | S83: 15.3 | T83: 3.9358289 | U83: 414.24599 | V83: 182 | W83: 1.5743316 | X83: 1.87 | Y83: 413.26203 | AA83: 1.7386524 | AB83: 0.34241711 | AC83: 236.14973 | AD83: 0 | AF83: 0 | AG83: 0 | AH83: =AG83*3.33 -> 0 | AI83: =AG83+AM83/12+AN83/24+AO83/24 -> 0.81996435 | AK83: 8.1963636 | AL83: 0 | AM83: 9.8395722 | AR83: 0.25582888 | AS83: 0.029518717 | AT83: 0.23614973 | AV83: 72.812834 | AW83: 6.2455321 | AX83: 4.710195 | AY83: 0 | AZ83: 1.0052803 | BA83: 0 | BB83: 0 | BC83: 0 | BD83: 22.325447 | BE83: 0 | BF83: 0.0082250203 | BG83: 21.710398 | BH83: 14.219232 | BI83: 14.215577 | BJ83: 0.0027416734 | BK83: 0 | BL83: 0 | BM83: 0 | BO83: 0 | BQ83: 1055.2326 | BR83: 383.72093 | BS83: 319.76744 | BT83: 1790.6977 | BU83: 820.73643 | BV83: 1375 | BW83: 1875.969 | BX83: 937.9845 | BY83: 2899.2248 | BZ83: 618.21705 | CA83: 265.40698 | CB83: 713.0814 | CC83: 713.0814 | CD83: 3146.5116 | CE83: 5404.0698 | CF83: 1371.8023 | CG83: 1317.4419 | CH83: 1659.593
A84: 75 | B84: 3025 | C84: Đậu phụ | D84: TV | E84: =G84*4+H84*9+I84*4 -> 96.6 | F84: 82 | G84: 10.9 | H84: 5.4 | I84: =100-SUM(F84,G84,H84,K84) -> 1.1 | J84: 0.4 | K84: 0.6 | M84: 24 | N84: 85 | O84: 2.2 | P84: 0.1 | Q84: 0.03 | R84: 0.02 | S84: 0.4 | T84: 7 | U84: 121 | V84: 30 | W84: 0.605 | X84: 0.8 | Y84: 193 | Z84: 8.9 | AA84: 0.068 | AB84: 0.047 | AC84: 15 | AD84: 0 | AF84: 0 | AG84: 0 | AH84: =AG84*3.33 -> 0 | AI84: =AG84+AM84/12+AN84/24+AO84/24 -> 0 | AR84: 23.61 | AS84: 9.02 | AT84: 13.6 | AU84: 1.98 | AV84: 68 | AW84: 0.691 | AX84: 0.507 | AY84: 0 | AZ84: 0.171 | BA84: 0 | BB84: 0 | BC84: 0 | BD84: 1.056 | BE84: 0 | BF84: 0.013 | BG84: 1.043 | BH84: 2.699 | BI84: 2.38 | BJ84: 0.319 | BK84: 0 | BL84: 0 | BM84: 0 | BO84: 0 | BQ84: 460 | BR84: 108 | BS84: 133 | BT84: 443 | BU84: 235 | BV84: 364 | BW84: 618 | BX84: 360 | BY84: 472 | BZ84: 264 | CA84: 108 | CB84: 233 | CC84: 261 | CD84: 845 | CE84: 1536 | CF84: 293 | CG84: 410 | CH84: 367
A85: 76 | B85: 3026 | C85: Đậu phụ chúc | D85: TV | E85: =G85*4+H85*9+I85*4 -> 415.2 | F85: 18.5 | G85: 50.2 | H85: 20.8 | I85: =100-SUM(F85,G85,H85,K85) -> 6.8 | J85: 0.3 | K85: 3.7 | M85: 325 | N85: 225 | O85: 10.8 | AG85: 0 | AH85: =AG85*3.33 -> 0 | AI85: =AG85+AM85/12+AN85/24+AO85/24 -> 0 | BO85: 0
A86: 77 | B86: 3027 | C86: Đậu phụ nướng | D86: TV | E86: =G86*4+H86*9+I86*4 -> 116.4 | F86: 78.2 | G86: 13.4 | H86: 6.4 | I86: =100-SUM(F86,G86,H86,K86) -> 1.3 | J86: 0.5 | K86: 0.7 | M86: 370 | N86: 167 | O86: 4.7 | Q86: 0.04 | R86: 0.05 | S86: 0.1 | AG86: 0 | AH86: =AG86*3.33 -> 0 | AI86: =AG86+AM86/12+AN86/24+AO86/24 -> 0 | BO86: 0
A87: 78 | B87: 3028 | C87: Hạt bí đỏ rang | D87: TV | E87: =G87*4+H87*9+I87*4 -> 527.8 | F87: 3.6 | G87: 35.1 | H87: 31.8 | I87: =100-SUM(F87,G87,H87,K87) -> 25.3 | J87: 2.3 | K87: 4.2 | M87: 235 | N87: 900 | O87: 2.2 | Q87: 0.15 | R87: 0.15 | S87: 3 | T87: 172 | U87: 383 | V87: 311 | AG87: 0 | AH87: =AG87*3.33 -> 0 | AI87: =AG87+AM87/12+AN87/24+AO87/24 -> 19.583333 | AM87: 235 | BO87: 0 | BQ87: 1524 | BR87: 587 | BS87: 554 | BT87: 1319 | BU87: 1319 | BV87: 1834 | BW87: 2632 | BX87: 1801 | BY87: 4920 | BZ87: 798 | CA87: 349 | CB87: 1042 | CC87: 1629 | CD87: 3080 | CE87: 5889 | CF87: 1939 | CG87: 2150 | CH87: 1352
A88: 79 | B88: 3029 | C88: Hạt dưa đỏ rang (dưa hấu) | D88: TV | E88: =G88*4+H88*9+I88*4 -> 558.3 | F88: 4.8 | G88: 31.8 | H88: 39.1 | I88: =100-SUM(F88,G88,H88,K88) -> 19.8 | J88: 1.8 | K88: 4.5 | M88: 237 | N88: 751 | O88: 3 | Q88: 0.03 | R88: 0.14 | S88: 2.7 | AG88: 0 | AH88: =AG88*3.33 -> 0 | AI88: =AG88+AM88/12+AN88/24+AO88/24 -> 7.5 | AM88: 90 | AW88: 8 | AX88: 3.8 | AY88: 0 | AZ88: 4.2 | BA88: 0 | BB88: 0 | BC88: 0 | BD88: 29 | BE88: 0 | BF88: 0 | BG88: 5.8 | BI88: 23.3 | BJ88: 0 | BK88: 0 | BL88: 0 | BM88: 0 | BO88: 0 | BQ88: 937 | BR88: 398 | BS88: 428 | BT88: 1096 | BU88: 1203 | BV88: 1447 | BW88: 2007 | BX88: 1447 | BY88: 4468 | BZ88: 749 | CA88: 295 | CB88: 805 | CC88: 1447 | CD88: 2247 | CE88: 5324 | CF88: 1498 | CG88: 1391 | CH88: 1096
A89: 80 | B89: 3030 | C89: Hạt điều khô, chiên dầu | D89: TV | E89: =G89*4+H89*9+I89*4 -> 585.3 | F89: 12.7 | G89: 18.3 | H89: 49.3 | I89: =100-SUM(F89,G89,H89,K89) -> 17.1 | J89: 0.7 | K89: 2.6 | M89: 32 | N89: 411 | O89: 3.9 | Q89: 0.36 | R89: 0.34 | S89: 1.4 | AG89: 0 | AH89: =AG89*3.33 -> 0 | AI89: =AG89+AM89/12+AN89/24+AO89/24 -> 0.41666667 | AM89: 5 | AW89: 5.5 | AX89: 5.5 | AY89: 0 | AZ89: vÕt | BA89: 0 | BB89: 0 | BC89: 0 | BD89: 41.1 | BE89: 0 | BF89: 0 | BG89: 32.1 | BI89: 8.6 | BJ89: 0 | BK89: 0 | BL89: 0 | BM89: 0 | BO89: 0 | BQ89: 1062 | BR89: 194 | BS89: 347 | BT89: 888 | BU89: 868 | BV89: 1280 | BW89: 1388 | BX89: 868 | BY89: 1607 | BZ89: 455 | CA89: 239 | CB89: 434 | CC89: 781 | CD89: 1801 | CE89: 3796 | CF89: 1020 | CG89: 1062 | CH89: 1214
A90: 81 | B90: 3031 | C90: Sữa bột đậu nành | D90: TV | E90: =G90*4+H90*9+I90*4 -> 413.3 | F90: 3.5 | G90: 31.1 | H90: 9.7 | I90: =100-SUM(F90,G90,H90,K90) -> 50.4 | J90: 2.2 | K90: 5.3 | M90: 224 | N90: 320 | O90: 7.5 | Q90: 0.4 | R90: 0.16 | S90: 2 | AG90: 0 | AH90: =AG90*3.33 -> 0 | AI90: =AG90+AM90/12+AN90/24+AO90/24 -> 0 | BO90: 0
A91: 82 | B91: 3032 | C91: Sữa đậu nành (100g đậu/lít) | D91: TV | E91: =G91*4+H91*9+I91*4 -> 28.8 | F91: 94.4 | G91: 3.1 | H91: 1.6 | I91: =100-SUM(F91,G91,H91,K91) -> 0.5 | J91: 0.1 | K91: 0.4 | M91: 18 | N91: 36 | O91: 0.23 | P91: 0 | Q91: 0.05 | R91: 0.02 | S91: 0.14 | T91: 55 | U91: 124 | V91: 25 | W91: 0.218 | X91: 0.21 | Y91: 141 | Z91: 4.8 | AA91: 0.518 | AB91: 0.02 | AC91: 16 | AD91: 0 | AF91: 0 | AG91: 0 | AH91: =AG91*3.33 -> 0 | AI91: =AG91+AM91/12+AN91/24+AO91/24 -> 0 | AJ91: 0.4 | AK91: 1.35 | AL91: 3 | AR91: 9.65 | AS91: 4.45 | AT91: 6.06 | AU91: 0.56 | AW91: 0.233 | AX91: 0.174 | AY91: 0 | AZ91: 0.058 | BA91: 0 | BB91: 0 | BC91: 0 | BD91: 0.383 | BE91: 0 | BF91: 0 | BG91: 0.36 | BH91: 0.766 | BI91: 0.679 | BJ91: 0.087 | BK91: 0 | BL91: 0 | BM91: 0 | BO91: 0 | BQ91: 162 | BR91: 42 | BS91: 42 | BT91: 162 | BU91: 152 | BV91: 176 | BW91: 230 | BX91: 162 | BY91: 196 | BZ91: 69 | CA91: 23 | CB91: 108 | CC91: 137 | CD91: 348 | CE91: 539 | CF91: 152 | CG91: 230 | CH91: 172
A92: 83 | B92: 3033 | C92: Tào phớ | D92: TV | E92: =G92*4+H92*9+I92*4 -> 46.4 | F92: 89.4 | G92: 3.8 | H92: 1.2 | I92: =100-SUM(F92,G92,H92,K92) -> 5.1 | J92: 0 | K92: 0.5 | M92: 46.8 | N92: 23.2 | O92: 0.61 | T92: 33 | U92: 85 | V92: 38 | X92: 0.36 | AG92: 0 | AH92: =AG92*3.33 -> 0 | AI92: =AG92+AM92/12+AN92/24+AO92/24 -> 0 | BO92: 0
A94: IV. | C94: Rau, quả, củ dùng làm rau
C95: A/ Rau, quả,củ, rau khô
A96: 84 | B96: 4001 | C96: Bầu | D96: TV | E96: =G96*4+H96*9+I96*4 -> 18 | F96: 95.1 | G96: 0.6 | I96: =100-SUM(F96,G96,H96,K96) -> 3.9 | J96: 1 | K96: 0.4 | M96: 21 | N96: 25 | O96: 0.2 | P96: 12 | Q96: 0.02 | R96: 0.03 | S96: 0.4 | T96: 2 | U96: 150 | V96: 11 | W96: 0.066 | X96: 0.7 | Y96: 26 | Z96: 0.2 | AA96: 0.152 | AB96: 0.04 | AC96: 6 | AD96: 0 | AF96: 0 | AG96: 0 | AH96: =AG96*3.33 -> 0 | AI96: =AG96+AM96/12+AN96/24+AO96/24 -> 0.83333333 | AM96: 10 | AW96: 0.002 | AX96: 0.001 | AY96: 0 | AZ96: 0 | BA96: 0 | BB96: 0 | BC96: 0 | BD96: 0.004 | BE96: 0 | BF96: 0 | BG96: 0.004 | BH96: 0.009 | BI96: 0.009 | BJ96: 0 | BK96: 0 | BL96: 0 | BM96: 0 | BO96: 0 | BQ96: 21 | BR96: 4 | BS96: 3 | BT96: 15 | BU96: 18 | BV96: 27 | BW96: 36 | BX96: 33 | BY96: 14 | BZ96: 4
A97: 85 | B97: 4002 | C97: Bí đao (bí xanh) | D97: TV | E97: =G97*4+H97*9+I97*4 -> 16 | F97: 95.5 | G97: 0.6 | I97: =100-SUM(F97,G97,H97,K97) -> 3.4 | J97: 1 | K97: 0.5 | M97: 26 | N97: 23 | O97: 0.3 | P97: 37 | Q97: 0.01 | R97: 0.02 | S97: 0.3 | T97: 12.73 | U97: 149.81 | V97: 7.64 | AG97: 0 | AH97: =AG97*3.33 -> 0 | AI97: =AG97+AM97/12+AN97/24+AO97/24 -> 0.41666667 | AM97: 5 | BO97: 0
A98: 86 | B98: 4003 | C98: Bí ngô | D98: TV | E98: =G98*4+H98*9+I98*4 -> 28.8 | F98: 92 | G98: 0.3 | I98: =100-SUM(F98,G98,H98,K98) -> 6.9 | J98: 0.7 | K98: 0.8 | M98: 24 | N98: 16 | O98: 0.5 | P98: 9 | Q98: 0.06 | R98: 0.03 | S98: 0.4 | T98: 8.4 | U98: 348.5 | V98: 10 | W98: 16 | X98: 0.1 | Y98: 210 | Z98: 0.3 | AA98: 0.298 | AB98: 0.061 | AC98: 16 | AD98: 0 | AE98: 0.4 | AF98: 0 | AG98: 0 | AH98: =AG98*3.33 -> 0 | AI98: =AG98+AM98/12+AN98/24+AO98/24 -> 236.83333 | AK98: 1.06 | AL98: 1.1 | AM98: 1512 | AN98: 515 | AO98: 2145 | AP98: 0 | AQ98: 1500 | AW98: 0.052 | AX98: 0.037 | AY98: 0 | AZ98: 0.003 | BA98: 0 | BB98: 0 | BC98: 0 | BD98: 0.013 | BE98: 0 | BF98: 0.006 | BG98: 0.006 | BH98: 0.005 | BI98: 0.002 | BJ98: 0.003 | BK98: 0 | BL98: 0 | BM98: 0 | BO98: 0 | BP98: 12 | BQ98: 63 | BR98: 12 | BS98: 18 | BT98: 34 | BU98: 31 | BV98: 48 | BW98: 69 | BX98: 47 | BY98: 46 | BZ98: 20 | CA98: 10 | CB98: 18 | CC98: 47 | CD98: 151 | CE98: 233 | CF98: 31 | CG98: 29 | CH98: 37
A99: 87 | B99: 4004 | C99: Cà bát | D99: TV | E99: =G99*4+H99*9+I99*4 -> 27.6 | F99: 92.5 | G99: 1.2 | I99: =100-SUM(F99,G99,H99,K99) -> 5.7 | J99: 1.5 | K99: 0.6 | M99: 12 | N99: 16 | O99: 0.7 | P99: 3 | Q99: 0.03 | R99: 0.04 | S99: 0.5 | T99: 2 | U99: 230 | V99: 14 | W99: 0.25 | X99: 0.16 | Y99: 82 | Z99: 0.3 | AA99: 0.281 | AB99: 0.084 | AC99: 22 | AD99: 0 | AF99: 0 | AG99: 0 | AH99: =AG99*3.33 -> 0 | AI99: =AG99+AM99/12+AN99/24+AO99/24 -> 3.3333333 | AK99: 0.3 | AL99: 3.5 | AM99: 40 | AW99: 0.034 | AX99: 0.025 | AY99: 0 | AZ99: 0.009 | BA99: 0 | BB99: 0 | BC99: 0 | BD99: 0.016 | BE99: 0 | BF99: 0.002 | BG99: 0.014 | BH99: 0.076 | BI99: 0.063 | BJ99: 0.013 | BK99: 0 | BL99: 0 | BM99: 0 | BO99: 0 | BP99: 7 | BQ99: 43 | BR99: 13 | BS99: 15 | BT99: 36 | BU99: 23 | BV99: 41 | BW99: 58 | BX99: 36 | BY99: 81 | BZ99: 18 | CA99: 9 | CB99: 47 | CC99: 32 | CD99: 115 | CE99: 198 | CF99: 31 | CG99: 29 | CH99: 49
A100: 88 | B100: 4005 | C100: Cà chua | D100: TV | E100: =G100*4+H100*9+I100*4 -> 22.4 | F100: 94 | G100: 0.6 | I100: =100-SUM(F100,G100,H100,K100) -> 5 | J100: 0.8 | K100: 0.4 | L100: 2.63 | M100: 12 | N100: 26 | O100: 1.4 | P100: 40 | Q100: 0.06 | R100: 0.04 | S100: 0.5 | T100: 12.2 | U100: 275.2 | V100: 15 | W100: 0.21 | X100: 0.74 | Y100: 90 | Z100: 0.5 | AA100: 0.089 | AB100: 0.08 | AC100: 15 | AD100: 0 | AF100: 0 | AG100: 0 | AH100: =AG100*3.33 -> 0 | AI100: =AG100+AM100/12+AN100/24+AO100/24 -> 58.666667 | AK100: 0.54 | AL100: 7.9 | AM100: 648 | AN100: 112 | AO100: 0 | AP100: 2750 | AQ100: 27.4 | AV100: 11 | AW100: 0.046 | AX100: 0.02 | AY100: 0 | AZ100: 0.008 | BA100: 0 | BB100: 0 | BC100: 0 | BD100: 0.051 | BE100: 0 | BF100: 0.001 | BG100: 0.03 | BH100: 0.135 | BI100: 0.08 | BJ100: 0.003 | BK100: 0 | BL100: 0 | BM100: 0 | BO100: 0 | BP100: 7 | BQ100: 25 | BR100: 5 | BS100: 7 | BT100: 16 | BU100: 20 | BV100: 19 | BW100: 24 | BX100: 16 | BY100: 19 | BZ100: 13 | CA100: 5 | CB100: 12 | CC100: 22 | CD100: 104 | CE100: 269 | CF100: 16 | CG100: 14 | CH100: 22
A101: 89 | B101: 4006 | C101: Cà pháo | D101: TV | E101: =G101*4+H101*9+I101*4 -> 26.8 | F101: 92.5 | G101: 1.5 | I101: =100-SUM(F101,G101,H101,K101) -> 5.2 | J101: 1.6 | K101: 0.8 | M101: 12 | N101: 16 | O101: 0.7 | P101: 3 | Q101: 0.03 | R101: 0.04 | S101: 0.5 | T101: 7 | U101: 221 | V101: 18 | W101: 0.2 | X101: 0.3 | Y101: 90 | Z101: 6.7 | AG101: 0 | AH101: =AG101*3.33 -> 0 | AI101: =AG101+AM101/12+AN101/24+AO101/24 -> 1.6666667 | AM101: 20 | BO101: 0 | BQ101: 43 | BR101: 13 | BS101: 15 | BT101: 36 | BU101: 23 | BV101: 41 | BW101: 58 | BX101: 36 | BY101: 81 | BZ101: 18 | CA101: 9 | CB101: 47 | CC101: 32 | CD101: 115 | CE101: 198 | CF101: 31 | CG101: 29 | CH101: 49
A102: 90 | B102: 4007 | C102: Cà rốt (củ đỏ, vàng) | D102: TV | E102: =G102*4+H102*9+I102*4 -> 42.8 | F102: 88.5 | G102: 1.5 | I102: =100-SUM(F102,G102,H102,K102) -> 9.2 | J102: 1.2 | K102: 0.8 | L102: 4.54 | M102: 43 | N102: 39 | O102: 0.8 | P102: 3 | Q102: 0.06 | R102: 0.06 | S102: 0.4 | T102: 52 | U102: 265.5 | V102: 12 | W102: 0.23 | X102: 1.11 | Y102: 150 | Z102: 0.1 | AA102: 0.273 | AB102: 0.138 | AC102: 19 | AD102: 0 | AE102: 3.4 | AF102: 0 | AG102: 0 | AH102: =AG102*3.33 -> 0 | AI102: =AG102+AM102/12+AN102/24+AO102/24 -> 681.45833 | AM102: 6597 | AN102: 3036 | AO102: 125 | AQ102: 94 | AV102: 17 | AW102: 0.037 | AX102: 0.035 | AY102: 0 | AZ102: 0.002 | BA102: 0 | BB102: 0 | BC102: 0 | BD102: 0.014 | BE102: 0 | BF102: 0.002 | BG102: 0.012 | BH102: 0.117 | BI102: 0.115 | BJ102: 0.002 | BK102: 0 | BL102: 0 | BM102: 0 | BO102: 0 | BQ102: 39 | BR102: 12 | BS102: 7 | BT102: 27 | BU102: 29 | BV102: 44 | BW102: 44 | BX102: 30 | BY102: 44 | BZ102: 14 | CA102: 10 | CB102: 22 | CC102: 48 | CD102: 117 | CE102: 194 | CF102: 29 | CG102: 28 | CH102: 32
A103: 91 | B103: 4008 | C103: Cà rốt khô | D103: TV | E103: =G103*4+H103*9+I103*4 -> 330.3 | F103: 14 | G103: 9.2 | H103: 1.5 | I103: =100-SUM(F103,G103,H103,K103) -> 70 | J103: 9.6 | K103: 5.3 | M103: 323 | N103: 292 | O103: 5.9 | AG103: 0 | AH103: =AG103*3.33 -> 0 | AI103: =AG103+AM103/12+AN103/24+AO103/24 -> 67.5 | AM103: 810 | BO103: 0
A104: 92 | B104: 4009 | C104: Cà tím | D104: TV | E104: =G104*4+H104*9+I104*4 -> 28 | F104: 92.5 | G104: 1 | I104: =100-SUM(F104,G104,H104,K104) -> 6 | J104: 1.5 | K104: 0.5 | M104: 15 | N104: 34 | O104: 0.4 | P104: 15 | Q104: 0.04 | R104: 0.05 | S104: 0.6 | AG104: 0 | AH104: =AG104*3.33 -> 0 | AI104: =AG104+AM104/12+AN104/24+AO104/24 -> 0.83333333 | AM104: 10 | AV104: 21 | BO104: 0
...

Sheet Năng lượng_2024
B3: 1. Xác định nhu cầu dinh dưỡng cho cả ngày | M3: Bảng 1. Năng lượng chuyển hóa cơ bản
B4: Họ và tên | C4: Lê Thị A | M4: Giới tính | N4: Nam | O4: Nữ
B5: Tuổi | C5: 30 | E5: =IF(C5=0,"Nhập tuổi",_xlfn.XLOOKUP(C5,WX6:WX18,M6:M18,"Not Found",-1)) -> 30-49 tuổi | M5: Nhóm tuổi | N5: CHCB (kcal/ngày) | O5: CHCB (kcal/ngày)
B6: Giới | C6: Nữ | E6: =IF(C6=0,"Nhập giới",C6) -> Nữ | M6: 1-2 tuổi | N6: 740 | O6: 690 | WX6: 1
B7: Nghề nghiệp | C7: Cán bộ/nhân viên văn phòng (luật sư, bác sĩ, kế toán, giáo viên,..) | E7: {=IF(E6="Nam",IF(COUNTIF(N46:N63,C7),INDEX(M46:M63,MATCH(C7,N46:N63,0)),"Không tìm thấy dữ liệu"),IF(E6="Nữ",IF(COUNTIF(O46:O63,C7),INDEX(M46:M63,MATCH(C7,O46:O63,0)),"Không tìm thấy dữ liệu"),"Nhập dữ liệu giới tính tại ô C6"))} -> Lao động nhẹ | M7: 3-5 tuổi | N7: 910 | O7: 850 | WX7: 3
B8: Hệ số HĐTL | E8: {=IFERROR(INDEX(N29:P40,MATCH(E5,M29:M40,0),MATCH(E7,N41:P41,0)),0)} -> 1.5 | M8: 6-7 tuổi | N8: 1010 | O8: 940 | WX8: 6
B9: Tình trạng sức khỏe | C9: Bình thường | M9: 8-9 tuổi | N9: 1140 | O9: 1080 | WX9: 8
B10: Chiều cao (m) | C10: 1.5 | M10: 10-11 tuổi | N10: 1300 | O10: 1200 | WX10: 10
B11: Cân nặng (kg) | C11: 53 | M11: 12-14 tuổi | N11: 1470 | O11: 1360 | WX11: 12
B12: Xác định tình trạng DD (TB) | D12: BMI | E12: =IFERROR(C11/C10/C10,0) -> 23.555556 | M12: 15-17 tuổi | N12: 1610 | O12: 1360 | WX12: 15
M13: 18-29 tuổi | N13: 1470 | O13: 1170 | WX13: 18
B14: Xác định nhu cầu dinh dưỡng cho cả ngày (kcal) | M14: 30-49 tuổi | N14: 1360 | O14: 1160 | WX14: 30
E15: {=IFERROR(E8*INDEX(N6:O18,MATCH(E5,M6:M18,0),MATCH(E6,N4:O4,0))+VLOOKUP(C9,M19:O23,3,0),0)} -> 1740 | M15: 50-64 tuổi | N15: 1350 | O15: 1130 | WX15: 50
B16: Cân nặng lý tưởng | E16: =IFERROR(IF(E6="Nữ",C10*C10*21,IF(E6="Nam",C10*C10*22)),0) -> 47.25 | M16: 65-74 tuổi | N16: 1300 | O16: 1070 | WX16: 65
B17: Nhu cầu dinh dưỡng cho cả ngày cần đạt (kcal) | M17: ≥ 75 tuổi | N17: 1290 | O17: 1070 | WX17: 75
E18: =E15 -> 1740
M19: Bình thường | N19: 0 | O19: 0
M20: Phụ nữ mang thai 3 tháng đầu | N20: +50 | O20: 50
M21: Phụ nữ mang thai 3 tháng giữa | N21: +250 | O21: 250
B22: Cân đối KP | C22: %E | D22: E | E22: Kcal | G22: g | M22: Phụ nữ mang thai 3 tháng cuối | N22: +450 | O22: 450
B23: P | C23: 0.2 | D23: =$E$18 -> 1740 | E23: =C23*D23 -> 348 | F23: 4 | G23: =E23/F23 -> 87 | M23: Phụ nữ cho con bú | N23: +500 | O23: 500
B24: Pđv | E24: =E23*30% -> 104.4 | F24: 4 | G24: =G23*30% -> 26.1
B25: Ptv | E25: =E23-E24 -> 243.6 | F25: 4 | G25: =G23-G24 -> 60.9
B26: L | C26: 0.25 | D26: =$E$18 -> 1740 | E26: =C26*D26 -> 435 | F26: 9 | G26: =E26/F26 -> 48.333333
B27: Lđv | E27: =E26*50% -> 217.5 | F27: 9 | G27: =E27/F27 -> 24.166667 | M27: Bảng 2. Hệ số hoạt động thể lực so với mức NLCHCB
B28: Ltv | E28: =E26*50% -> 217.5 | F28: 9 | G28: =E28/F28 -> 24.166667 | M28: Nhóm tuổi | N28: Hoạt động thể lực nhẹ | O28: Hoạt động thể lực vừa | P28: Hoạt động thể lực nặng
B29: Car | C29: =100%-(C23+C26) -> 0.55 | D29: =$E$18 -> 1740 | E29: =C29*D29 -> 957 | F29: 4 | G29: =E29/F29 -> 239.25 | M29: 1-2 tuổi | N29: - | O29: 1.35 | P29: - | WX29: 1
M30: 3-5 tuổi | N30: - | O30: 1.45 | P30: - | WX30: 3
M31: 6-7 tuổi | N31: 1.35 | O31: 1.55 | P31: 1.75 | WX31: 6
B32: 2. Chia bữa: | M32: 8-9 tuổi | N32: 1.4 | O32: 1.6 | P32: 1.8 | WX32: 8
B33: Cả ngày | C33: % E | D33: E (kcal) | M33: 10-11 tuổi | N33: 1.45 | O33: 1.65 | P33: 1.85 | WX33: 10
C34: 100 | D34: =E18 -> 1740 | M34: 12-14 tuổi | N34: 1.5 | O34: 1.7 | P34: 1.9 | WX34: 12
B35: Sáng | C35: 0.25 | D35: =C35*$D$34 -> 435 | E35: =B35 -> Sáng | M35: 15-17 tuổi | N35: 1.55 | O35: 1.75 | P35: 1.95 | WX35: 15
E36: P | G36: =$G$23*C35 -> 21.75 | M36: 18-29 tuổi | N36: 1.5 | O36: 1.75 | P36: 2 | WX36: 18
E37: Pđv | F37: 0.3 | G37: =F37*G36 -> 6.525 | M37: 30-49 tuổi | N37: 1.5 | O37: 1.75 | P37: 2 | WX37: 30
E38: Ptv | F38: =100%-F37 -> 0.7 | G38: =F38*G36 -> 15.225 | M38: 50-64 tuổi | N38: 1.5 | O38: 1.75 | P38: 2 | WX38: 50
E39: L | G39: =$G$26*C35 -> 12.083333 | M39: 65-74 tuổi | N39: 1.45 | O39: 1.7 | P39: 1.95 | WX39: 65
E40: Lđv | F40: 0.5 | G40: =G39*F40 -> 6.0416667 | M40: ≥ 75 tuổi | N40: 1.4 | O40: 1.65 | WX40: 75
E41: Ltv | F41: =100%-F40 -> 0.5 | G41: =G39*F41 -> 6.0416667 | N41: Lao động nhẹ | O41: Lao động vừa | P41: Lao động nặng
E42: Car | G42: =$G$29*C35 -> 59.8125
E43: =$D$33&": "&E35 -> E (kcal): Sáng | G43: =D35 -> 435
B44: Phụ sáng | C44: 0.1 | D44: =C44*$D$34 -> 174 | E44: =B44 -> Phụ sáng | M44: Bảng 3. Phân loại mức độ hoạt động thể lực hay loại hình lao động | WX44: Cán bộ/nhân viên văn phòng (luật sư, bác sĩ, kế toán, giáo viên,..) | WY44: Lao động nhẹ
E45: P | G45: =$G$23*C44 -> 8.7 | M45: Loại lao động | N45: Nam | O45: Nữ | WX45: Người thất nghiệp | WY45: Lao động nhẹ
E46: Pđv | F46: =$F$37 -> 0.3 | G46: =F46*G45 -> 2.61 | M46: Lao động nhẹ | N46: Cán bộ/nhân viên văn phòng (luật sư, bác sĩ, kế toán, giáo viên,..) | O46: Cán bộ/nhân viên văn phòng (luật sư, bác sĩ, kế toán, giáo viên,..) | WX46: Giáo viên | WY46: Lao động nhẹ
E47: Ptv | F47: =100%-F46 -> 0.7 | G47: =F47*G45 -> 6.09 | M47: Lao động nhẹ | N47: Người thất nghiệp | O47: Nội trợ cơ giới | WX47: Nội trợ cơ giới | WY47: Lao động nhẹ
E48: L | G48: =$G$26*C44 -> 4.8333333 | M48: Lao động nhẹ | N48: Giáo viên | O48: Giáo viên
E49: Lđv | F49: =$F$40 -> 0.5 | G49: =G48*F49 -> 2.4166667 | WX49: Công nhân công nghiệp nhẹ | WY49: Lao động vừa
E50: Ltv | F50: =100%-F49 -> 0.5 | G50: =G48*F50 -> 2.4166667 | M50: Lao động vừa | N50: Công nhân công nghiệp nhẹ | O50: Công nhân công nghiệp nhẹ | WX50: Sinh viên | WY50: Lao động vừa
E51: Car | G51: =$G$29*C44 -> 23.925 | M51: Lao động vừa | N51: Sinh viên | O51: Nội trợ không cơ giới | WX51: Công nhân xây dựng | WY51: Lao động vừa
E52: =$D$33&": "&E44 -> E (kcal): Phụ sáng | G52: =D44 -> 174 | M52: Lao động vừa | N52: Công nhân xây dựng | O52: Sinh viên | WX52: Lao động nông nghiệp | WY52: Lao động vừa
B53: Trưa | C53: 0.35 | D53: =C53*$D$34 -> 609 | E53: =B53 -> Trưa | M53: Lao động vừa | N53: Lao động nông nghiệp | O53: Công nhân cửa hàng bách hóa | WX53: Chiến sĩ quân đội không trong chiến đấu luyện tập | WY53: Lao động vừa
E54: P | G54: =$G$23*C53 -> 30.45 | M54: Lao động vừa | N54: Chiến sĩ quân đội không trong chiến đấu luyện tập | WX54: Đánh bắt cá/thủy sản | WY54: Lao động vừa
E55: Pđv | F55: 0.3 | G55: =F55*G54 -> 9.135 | M55: Lao động vừa | N55: Đánh bắt cá/thủy sản | WX55: Nội trợ không cơ giới | WY55: Lao động vừa
E56: Ptv | F56: =100%-F55 -> 0.7 | G56: =F56*G54 -> 21.315 | WX56: Công nhân cửa hàng bách hóa | WY56: Lao động vừa
E57: L | G57: =$G$26*C53 -> 16.916667 | M57: Lao động nặng | N57: Lao động nông nghiệp trong vụ thu hoạch | O57: Lao động nông nghiệp trong vụ thu hoạch
E58: Lđv | F58: 0.5 | G58: =G57*F58 -> 8.4583333 | M58: Lao động nặng | N58: Công nhân lâm nghiệp | O58: Vũ nữ | WX58: Lao động nông nghiệp trong vụ thu hoạch | WY58: Lao động nặng
E59: Ltv | F59: =100%-F58 -> 0.5 | G59: =G57*F59 -> 8.4583333 | M59: Lao động nặng | N59: Lao động thể lực giản đơn | O59: Vân động viên thể thao | WX59: Công nhân lâm nghiệp | WY59: Lao động nặng
E60: Car | G60: =$G$29*C53 -> 83.7375 | M60: Lao động nặng | N60: Chiến sĩ quân đội trong chiến đấu/luyện tập | WX60: Lao động thể lực giản đơn | WY60: Lao động nặng
E61: =$D$33&": "&E53 -> E (kcal): Trưa | G61: =D53 -> 609 | M61: Lao động nặng | N61: Công nhân mỏ | WX61: Chiến sĩ quân đội trong chiến đấu/luyện tập | WY61: Lao động nặng
B62: Phụ chiều | C62: 0.1 | D62: =C62*$D$34 -> 174 | E62: =B62 -> Phụ chiều | M62: Lao động nặng | N62: Luyện thép | WX62: Công nhân mỏ | WY62: Lao động nặng
E63: P | G63: =$G$23*C62 -> 8.7 | M63: Lao động nặng | N63: Vân động viên thể thao | WX63: Luyện thép | WY63: Lao động nặng
E64: Pđv | F64: 0.3 | G64: =F64*G63 -> 2.61 | WX64: Vân động viên thể thao | WY64: Lao động nặng
E65: Ptv | F65: =100%-F64 -> 0.7 | G65: =F65*G63 -> 6.09 | WX65: Vũ nữ | WY65: Lao động nặng
E66: L | G66: =$G$26*C62 -> 4.8333333
E67: Lđv | F67: 0.5 | G67: =G66*F67 -> 2.4166667 | M67: Bảng 4. Phân bố năng lượng giữa các bữa ăn
E68: Ltv | F68: =100%-F67 -> 0.5 | G68: =G66*F68 -> 2.4166667 | N68: Bữa sáng | O68: Phụ sáng | P68: Bữa trưa | Q68: Bữa chiều | R68: Bữa tối
E69: Car | G69: =$G$29*C62 -> 23.925 | M69: Ăn 3 bữa | N69: 30% - 35% | P69: 35% -40% | R69: 25% - 30%
E70: =$D$33&": "&E62 -> E (kcal): Phụ chiều | G70: =D62 -> 174 | M70: Ăn 4 bữa | N70: 25% - 30% | O70: 5% -10% | P70: 35% -40% | R70: 25% - 30%
B71: Tối | C71: 0.2 | D71: =C71*$D$34 -> 348 | E71: =B71 -> Tối | M71: Ăn 5 bữa | N71: 25% - 30% | O71: 5% -10% | P71: 30% - 35% | Q71: 5% -10% | R71: 15% - 20%
E72: P | G72: =$G$23*C71 -> 17.4
E73: Pđv | F73: 0.3 | G73: =F73*G72 -> 5.22
E74: Ptv | F74: =100%-F73 -> 0.7 | G74: =F74*G72 -> 12.18
E75: L | G75: =$G$26*C71 -> 9.6666667
E76: Lđv | F76: 0.5 | G76: =G75*F76 -> 4.8333333
E77: Ltv | F77: =100%-F76 -> 0.5 | G77: =G75*F77 -> 4.8333333
E78: Car | G78: =$G$29*C71 -> 47.85
C79: =SUM(C35:C78) -> 1 | E79: =$D$33&": "&E71 -> E (kcal): Tối | G79: =D71 -> 348
C80: =SUM(C35:C78)=C34% -> TRUE | D80: =SUM(D35:D78)=D34 -> TRUE

Sheet 2.XDTD_S.Tr.T
A5: 2. Xây dựng thực đơn
D6: Hướng dẫn
E7: Nhóm bột đường | J7: Nhóm rau | R7: Nhóm quả | U7: Nhóm đạm | Y7: Nhóm chất béo | AA7: Hạt giàu béo | AC7: TP khác Sữa & sp chế biến, gia vị, đồ ăn sẵn, món ăn truyền thống
D8: NGUYÊN LIỆU | E8: TP1 | F8: TP2 | G8: TP3 | H8: TP4 | J8: TP1 | L8: TP2 | M8: TP3 | O8: TP4 | P8: TP5 | R8: TP1 | S8: TP2 | T8: TP3 | U8: TP1 | V8: TP2 | W8: TP3 | X8: TP4 | Y8: TP1 | Z8: TP2 | AA8: TP1 | AB8: TP2 | AC8: TP1 | AD8: TP2 | AE8: TP3 | DA8: CHỌN BỮA
D9: Bữa sáng | E9: Gạo lứt | F9: Bánh quẩy nóng | J9: Cải xanh | L9: Thìa là | M9: Giá đậu xanh | U9: Cá chép | Y9: Mỡ lợn nước | AA9: Sữa đậu nành (100g đậu/lít) | DA9: SÁNG
D10: Chọn TV/ĐV | E10: TV | F10: TV | J10: TV | L10: TV | M10: TV | U10: ĐV | Y10: TV | AA10: TV | DA10: SÁNG
D11: Định lượng (g/ml) | E11: 180 | F11: 15 | J11: 40 | L11: 10 | M11: 25 | U11: 55 | Y11: 5.5 | AA11: 200 | DA11: SÁNG
E12: =IF(E9=0,0,100*$R$44/_xlfn.XLOOKUP(E9,'FCDB 2017 (full)'!$C:$C,'FCDB 2017 (full)'!$I:$I)) -> #NAME? | F12: =IF(F9=0,0,100*$R$44/_xlfn.XLOOKUP(F9,'FCDB 2017 (full)'!$C:$C,'FCDB 2017 (full)'!$I:$I)) -> #NAME? | G12: =IF(G9=0,0,100*$R$44/_xlfn.XLOOKUP(G9,'FCDB 2017 (full)'!$C:$C,'FCDB 2017 (full)'!$I:$I)) -> 0 | H12: =IF(H9=0,0,100*$R$44/_xlfn.XLOOKUP(H9,'FCDB 2017 (full)'!$C:$C,'FCDB 2017 (full)'!$I:$I)) -> 0 | J12: =IF(J9=0,0,100*$R$44/_xlfn.XLOOKUP(J9,'FCDB 2017 (full)'!$C:$C,'FCDB 2017 (full)'!$I:$I)) -> #NAME? | L12: =IF(L9=0,0,100*$R$44/_xlfn.XLOOKUP(L9,'FCDB 2017 (full)'!$C:$C,'FCDB 2017 (full)'!$I:$I)) -> #NAME? | M12: =IF(M9=0,0,100*$R$44/_xlfn.XLOOKUP(M9,'FCDB 2017 (full)'!$C:$C,'FCDB 2017 (full)'!$I:$I)) -> #NAME? | R12: =IF(R9=0,0,100*$R$44/_xlfn.XLOOKUP(R9,'FCDB 2017 (full)'!$C:$C,'FCDB 2017 (full)'!$I:$I)) -> 0 | S12: =IF(S9=0,0,100*$R$44/_xlfn.XLOOKUP(S9,'FCDB 2017 (full)'!$C:$C,'FCDB 2017 (full)'!$I:$I)) -> 0 | T12: =IF(T9=0,0,100*$R$44/_xlfn.XLOOKUP(T9,'FCDB 2017 (full)'!$C:$C,'FCDB 2017 (full)'!$I:$I)) -> 0 | DA12: SÁNG
DA13: SÁNG
F14: =D9 -> Bữa sáng | H14: Khối lượng | I14: Năng lượng/100g | J14: Năng lượng | K14: P/100g | L14: Protein | N14: L/100g | O14: Lipid | Q14: C/100g | R14: Carbohydrate | S14: Chất xơ (crude fiber) | T14: Tro (ash) | U14: Đường tổng (total sugar) | V14: Calcium (Ca) | W14: Photphorous (P) | X14: Iron (Fe) | Y14: Vitamin C | Z14: Vitamin B1 | AA14: Vitamin B2 | AB14: Vitamin PP | AC14: Sodium (Na) | AD14: Potassium (K) | AE14: Magnesium (Mg) | AF14: Manganese (Mn) | AG14: Zinc (Zn) | AH14: Copper (Cu) | AI14: Selenium (Se) | AJ14: Acid pantothenic | AK14: Vitamin B6 | AL14: Folate tổng số | AM14: Acid folic (vitamin B9) | AN14: Biotin (vitamin H) | AO14: Vitamin B12 | AP14: Vitamin A (retinol) | AQ14: Retinol | AR14: Vitamin A (RAE) | AS14: Vitamin D | AT14: Vitamin E | AU14: Vitamin K | AV14: Betacarotene | AW14: Alphacarotene | AX14: Betacryptoxanthin | AY14: Lycopene | AZ14: Lutein + zeaxanthin | BA14: Isoflavone tổng số | BB14: Daidzein | BC14: Genistein | BD14: Glycetin | BE14: Purine | BF14: TS Axit béo no | BG14: Palmitic (C16:0) | BH14: Margaric (C17:0) | BI14: Stearic (C18:0) | BJ14: Arachidic (C20:0) | BK14: Behenic (C22:0) | BL14: Lignoceric (C24:0) | BM14: TS acid béo không no 1 nối đôi | BN14: Myristoleic (C14:1) | BO14: Palmitoleic (C16:1) | BP14: Oleic (C18:1) | BQ14: TS acid béo không no nhiều nối đôi | BR14: Linoleic | BS14: Linolenic | BT14: Arachidonic (C20:4) | BU14: EPA (C20:5 n3) | BV14: DHA (C22:6 n3) | BW14: TS acid béo trans | BX14: Cholesterol | BY14: Phytosterol | BZ14: Lysin | CA14: Methionin | CB14: Tryptophan | CC14: Phenylalanin | CD14: Threonin | CE14: Valine | CF14: Leucine | CG14: Isoleucine | CH14: Arginine | CI14: Histidine | CJ14: Cystine | CK14: Tyrosine | CL14: Alanine | CM14: Aspartic acid | CN14: Glutamic acid | CO14: Glycine | CP14: Proline | CQ14: Serine | DA14: SÁNG
F15: Nguyên liệu | G15: TV/ ĐV | L15: ĐV | M15: TV | O15: ĐV | P15: TV | DA15: SÁNG
F16: =IFERROR(VLOOKUP($D$9,$D:$AE,2,0),0) -> Gạo lứt | G16: =IF(F16=0,0,IF(_xlfn.XLOOKUP(F16,$E$9:$AE$9,$E$10:$AE$10)=0,"Nhập ĐV/TV",_xlfn.XLOOKUP(F16,$E$9:$AE$9,$E$10:$AE$10))) -> #NAME? | H16: =IFERROR(INDEX($E$11:$AE$11,MATCH(F16,$E$9:$AE$9,0)),0) -> 180 | I16: =IFERROR(_xlfn.XLOOKUP($F16,'FCDB 2017 (full)'!$C:$C,'FCDB 2017 (full)'!$E:$E),0) -> 0 | J16: =$H16*I16/100 -> 0 | K16: =IFERROR(_xlfn.XLOOKUP($F16,'FCDB 2017 (full)'!$C:$C,'FCDB 2017 (full)'!$G:$G),0) -> 0 | L16: =IF($G16=L$15,$H16*$K16/100,0) -> #NAME? | M16: =IF($G16=M$15,$H16*$K16/100,0) -> #NAME? | N16: =IFERROR(_xlfn.XLOOKUP($F16,'FCDB 2017 (full)'!$C:$C,'FCDB 2017 (full)'!$H:$H),0) -> 0 | O16: =IF($G16=O$15,$H16*$N16/100,0) -> #NAME? | P16: =IF($G16=P$15,$H16*$N16/100,0) -> #NAME? | Q16: =IFERROR(_xlfn.XLOOKUP($F16,'FCDB 2017 (full)'!$C:$C,'FCDB 2017 (full)'!$I:$I),0) -> 0 | R16: =$H16*Q16/100 -> 0 | S16: =IFERROR(_xlfn.XLOOKUP($F16,'FCDB 2017 (full)'!$C:$C,'FCDB 2017 (full)'!$J:$J)*$H16/100,0) -> 0 | T16: =IFERROR(_xlfn.XLOOKUP($F16,'FCDB 2017 (full)'!$C:$C,'FCDB 2017 (full)'!$K:$K)*$H16/100,0) -> 0 | U16: =IFERROR(_xlfn.XLOOKUP($F16,'FCDB 2017 (full)'!$C:$C,'FCDB 2017 (full)'!$L:$L)*$H16/100,0) -> 0 | V16: =IFERROR(_xlfn.XLOOKUP($F16,'FCDB 2017 (full)'!$C:$C,'FCDB 2017 (full)'!$M:$M)*$H16/100,0) -> 0 | W16: =IFERROR(_xlfn.XLOOKUP($F16,'FCDB 2017 (full)'!$C:$C,'FCDB 2017 (full)'!$N:$N)*$H16/100,0) -> 0 | X16: =IFERROR(_xlfn.XLOOKUP($F16,'FCDB 2017 (full)'!$C:$C,'FCDB 2017 (full)'!$O:$O)*$H16/100,0) -> 0 | Y16: =IFERROR(_xlfn.XLOOKUP($F16,'FCDB 2017 (full)'!$C:$C,'FCDB 2017 (full)'!$P:$P)*$H16/100,0) -> 0 | Z16: =IFERROR(_xlfn.XLOOKUP($F16,'FCDB 2017 (full)'!$C:$C,'FCDB 2017 (full)'!$Q:$Q)*$H16/100,0) -> 0 | AA16: =IFERROR(_xlfn.XLOOKUP($F16,'FCDB 2017 (full)'!$C:$C,'FCDB 2017 (full)'!$R:$R)*$H16/100,0) -> 0 | AB16: =IFERROR(_xlfn.XLOOKUP($F16,'FCDB 2017 (full)'!$C:$C,'FCDB 2017 (full)'!$S:$S)*$H16/100,0) -> 0 | AC16: =IFERROR(_xlfn.XLOOKUP($F16,'FCDB 2017 (full)'!$C:$C,'FCDB 2017 (full)'!$T:$T)*$H16/100,0) -> 0 | AD16: =IFERROR(_xlfn.XLOOKUP($F16,'FCDB 2017 (full)'!$C:$C,'FCDB 2017 (full)'!$U:$U)*$H16/100,0) -> 0 | AE16: =IFERROR(_xlfn.XLOOKUP($F16,'FCDB 2017 (full)'!$C:$C,'FCDB 2017 (full)'!$V:$V)*$H16/100,0) -> 0 | AF16: =IFERROR(_xlfn.XLOOKUP($F16,'FCDB 2017 (full)'!$C:$C,'FCDB 2017 (full)'!$W:$W)*$H16/100,0) -> 0 | AG16: =IFERROR(_xlfn.XLOOKUP($F16,'FCDB 2017 (full)'!$C:$C,'FCDB 2017 (full)'!$X:$X)*$H16/100,0) -> 0 | AH16: =IFERROR(_xlfn.XLOOKUP($F16,'FCDB 2017 (full)'!$C:$C,'FCDB 2017 (full)'!$Y:$Y)*$H16/100,0) -> 0 | AI16: =IFERROR(_xlfn.XLOOKUP($F16,'FCDB 2017 (full)'!$C:$C,'FCDB 2017 (full)'!$Z:$Z)*$H16/100,0) -> 0 | AJ16: =IFERROR(_xlfn.XLOOKUP($F16,'FCDB 2017 (full)'!$C:$C,'FCDB 2017 (full)'!$AA:$AA)*$H16/100,0) -> 0 | AK16: =IFERROR(_xlfn.XLOOKUP($F16,'FCDB 2017 (full)'!$C:$C,'FCDB 2017 (full)'!$AB:$AB)*$H16/100,0) -> 0 | AL16: =IFERROR(_xlfn.XLOOKUP($F16,'FCDB 2017 (full)'!$C:$C,'FCDB 2017 (full)'!$AC:$AC)*$H16/100,0) -> 0 | AM16: =IFERROR(_xlfn.XLOOKUP($F16,'FCDB 2017 (full)'!$C:$C,'FCDB 2017 (full)'!$AD:$AD)*$H16/100,0) -> 0 | AN16: =IFERROR(_xlfn.XLOOKUP($F16,'FCDB 2017 (full)'!$C:$C,'FCDB 2017 (full)'!$AE:$AE)*$H16/100,0) -> 0 | AO16: =IFERROR(_xlfn.XLOOKUP($F16,'FCDB 2017 (full)'!$C:$C,'FCDB 2017 (full)'!$AF:$AF)*$H16/100,0) -> 0 | AP16: =IFERROR(_xlfn.XLOOKUP($F16,'FCDB 2017 (full)'!$C:$C,'FCDB 2017 (full)'!$AG:$AG)*$H16/100,0) -> 0 | AQ16: =IFERROR(_xlfn.XLOOKUP($F16,'FCDB 2017 (full)'!$C:$C,'FCDB 2017 (full)'!$AH:$AH)*$H16/100,0) -> 0 | AR16: =IFERROR(_xlfn.XLOOKUP($F16,'FCDB 2017 (full)'!$C:$C,'FCDB 2017 (full)'!$AI:$AI)*$H16/100,0) -> 0 | AS16: =IFERROR(_xlfn.XLOOKUP($F16,'FCDB 2017 (full)'!$C:$C,'FCDB 2017 (full)'!$AJ:$AJ)*$H16/100,0) -> 0 | AT16: =IFERROR(_xlfn.XLOOKUP($F16,'FCDB 2017 (full)'!$C:$C,'FCDB 2017 (full)'!$AK:$AK)*$H16/100,0) -> 0 | AU16: =IFERROR(_xlfn.XLOOKUP($F16,'FCDB 2017 (full)'!$C:$C,'FCDB 2017 (full)'!$AK:$AK)*$H16/100,0) -> 0 | AV16: =IFERROR(_xlfn.XLOOKUP($F16,'FCDB 2017 (full)'!$C:$C,'FCDB 2017 (full)'!$AM:$AM)*$H16/100,0) -> 0 | AW16: =IFERROR(_xlfn.XLOOKUP($F16,'FCDB 2017 (full)'!$C:$C,'FCDB 2017 (full)'!$AN:$AN)*$H16/100,0) -> 0 | AX16: =IFERROR(_xlfn.XLOOKUP($F16,'FCDB 2017 (full)'!$C:$C,'FCDB 2017 (full)'!$AO:$AO)*$H16/100,0) -> 0 | AY16: =IFERROR(_xlfn.XLOOKUP($F16,'FCDB 2017 (full)'!$C:$C,'FCDB 2017 (full)'!$AP:$AP)*$H16/100,0) -> 0 | AZ16: =IFERROR(_xlfn.XLOOKUP($F16,'FCDB 2017 (full)'!$C:$C,'FCDB 2017 (full)'!$AQ:$AQ)*$H16/100,0) -> 0 | BA16: =IFERROR(_xlfn.XLOOKUP($F16,'FCDB 2017 (full)'!$C:$C,'FCDB 2017 (full)'!$AR:$AR)*$H16/100,0) -> 0 | BB16: =IFERROR(_xlfn.XLOOKUP($F16,'FCDB 2017 (full)'!$C:$C,'FCDB 2017 (full)'!$AS:$AS)*$H16/100,0) -> 0 | BC16: =IFERROR(_xlfn.XLOOKUP($F16,'FCDB 2017 (full)'!$C:$C,'FCDB 2017 (full)'!$AT:$AT)*$H16/100,0) -> 0 | BD16: =IFERROR(_xlfn.XLOOKUP($F16,'FCDB 2017 (full)'!$C:$C,'FCDB 2017 (full)'!$AU:$AU)*$H16/100,0) -> 0 | BE16: =IFERROR(_xlfn.XLOOKUP($F16,'FCDB 2017 (full)'!$C:$C,'FCDB 2017 (full)'!$AV:$AV)*$H16/100,0) -> 0 | BF16: =IFERROR(_xlfn.XLOOKUP($F16,'FCDB 2017 (full)'!$C:$C,'FCDB 2017 (full)'!$AW:$AW)*$H16/100,0) -> 0 | BG16: =IFERROR(_xlfn.XLOOKUP($F16,'FCDB 2017 (full)'!$C:$C,'FCDB 2017 (full)'!$AX:$AX)*$H16/100,0) -> 0 | BH16: =IFERROR(_xlfn.XLOOKUP($F16,'FCDB 2017 (full)'!$C:$C,'FCDB 2017 (full)'!$AY:$AY)*$H16/100,0) -> 0 | BI16: =IFERROR(_xlfn.XLOOKUP($F16,'FCDB 2017 (full)'!$C:$C,'FCDB 2017 (full)'!$AZ:$AZ)*$H16/100,0) -> 0 | BJ16: =IFERROR(_xlfn.XLOOKUP($F16,'FCDB 2017 (full)'!$C:$C,'FCDB 2017 (full)'!$BA:$BA)*$H16/100,0) -> 0 | BK16: =IFERROR(_xlfn.XLOOKUP($F16,'FCDB 2017 (full)'!$C:$C,'FCDB 2017 (full)'!$BB:$BB)*$H16/100,0) -> 0 | BL16: =IFERROR(_xlfn.XLOOKUP($F16,'FCDB 2017 (full)'!$C:$C,'FCDB 2017 (full)'!$BC:$BC)*$H16/100,0) -> 0 | BM16: =IFERROR(_xlfn.XLOOKUP($F16,'FCDB 2017 (full)'!$C:$C,'FCDB 2017 (full)'!$BD:$BD)*$H16/100,0) -> 0 | BN16: =IFERROR(_xlfn.XLOOKUP($F16,'FCDB 2017 (full)'!$C:$C,'FCDB 2017 (full)'!$BE:$BE)*$H16/100,0) -> 0 | BO16: =IFERROR(_xlfn.XLOOKUP($F16,'FCDB 2017 (full)'!$C:$C,'FCDB 2017 (full)'!$BF:$BF)*$H16/100,0) -> 0 | BP16: =IFERROR(_xlfn.XLOOKUP($F16,'FCDB 2017 (full)'!$C:$C,'FCDB 2017 (full)'!$BG:$BG)*$H16/100,0) -> 0 | BQ16: =IFERROR(_xlfn.XLOOKUP($F16,'FCDB 2017 (full)'!$C:$C,'FCDB 2017 (full)'!$BH:$BH)*$H16/100,0) -> 0 | BR16: =IFERROR(_xlfn.XLOOKUP($F16,'FCDB 2017 (full)'!$C:$C,'FCDB 2017 (full)'!$BI:$BI)*$H16/100,0) -> 0 | BS16: =IFERROR(_xlfn.XLOOKUP($F16,'FCDB 2017 (full)'!$C:$C,'FCDB 2017 (full)'!$BJ:$BJ)*$H16/100,0) -> 0 | BT16: =IFERROR(_xlfn.XLOOKUP($F16,'FCDB 2017 (full)'!$C:$C,'FCDB 2017 (full)'!$BK:$BK)*$H16/100,0) -> 0 | BU16: =IFERROR(_xlfn.XLOOKUP($F16,'FCDB 2017 (full)'!$C:$C,'FCDB 2017 (full)'!$BL:$BL)*$H16/100,0) -> 0 | BV16: =IFERROR(_xlfn.XLOOKUP($F16,'FCDB 2017 (full)'!$C:$C,'FCDB 2017 (full)'!$BM:$BM)*$H16/100,0) -> 0 | BW16: =IFERROR(_xlfn.XLOOKUP($F16,'FCDB 2017 (full)'!$C:$C,'FCDB 2017 (full)'!$BN:$BN)*$H16/100,0) -> 0 | BX16: =IFERROR(_xlfn.XLOOKUP($F16,'FCDB 2017 (full)'!$C:$C,'FCDB 2017 (full)'!$BO:$BO)*$H16/100,0) -> 0 | BY16: =IFERROR(_xlfn.XLOOKUP($F16,'FCDB 2017 (full)'!$C:$C,'FCDB 2017 (full)'!$BP:$BP)*$H16/100,0) -> 0 | BZ16: =IFERROR(_xlfn.XLOOKUP($F16,'FCDB 2017 (full)'!$C:$C,'FCDB 2017 (full)'!$BQ:$BQ)*$H16/100,0) -> 0 | CA16: =IFERROR(_xlfn.XLOOKUP($F16,'FCDB 2017 (full)'!$C:$C,'FCDB 2017 (full)'!$BR:$BR)*$H16/100,0) -> 0 | CB16: =IFERROR(_xlfn.XLOOKUP($F16,'FCDB 2017 (full)'!$C:$C,'FCDB 2017 (full)'!$BS:$BS)*$H16/100,0) -> 0 | CC16: =IFERROR(_xlfn.XLOOKUP($F16,'FCDB 2017 (full)'!$C:$C,'FCDB 2017 (full)'!$BT:$BT)*$H16/100,0) -> 0 | CD16: =IFERROR(_xlfn.XLOOKUP($F16,'FCDB 2017 (full)'!$C:$C,'FCDB 2017 (full)'!$BU:$BU)*$H16/100,0) -> 0 | CE16: =IFERROR(_xlfn.XLOOKUP($F16,'FCDB 2017 (full)'!$C:$C,'FCDB 2017 (full)'!$BV:$BV)*$H16/100,0) -> 0 | CF16: =IFERROR(_xlfn.XLOOKUP($F16,'FCDB 2017 (full)'!$C:$C,'FCDB 2017 (full)'!$BW:$BW)*$H16/100,0) -> 0 | CG16: =IFERROR(_xlfn.XLOOKUP($F16,'FCDB 2017 (full)'!$C:$C,'FCDB 2017 (full)'!$BX:$BX)*$H16/100,0) -> 0 | CH16: =IFERROR(_xlfn.XLOOKUP($F16,'FCDB 2017 (full)'!$C:$C,'FCDB 2017 (full)'!$BY:$BY)*$H16/100,0) -> 0 | CI16: =IFERROR(_xlfn.XLOOKUP($F16,'FCDB 2017 (full)'!$C:$C,'FCDB 2017 (full)'!$BZ:$BZ)*$H16/100,0) -> 0 | CJ16: =IFERROR(_xlfn.XLOOKUP($F16,'FCDB 2017 (full)'!$C:$C,'FCDB 2017 (full)'!$CA:$CA)*$H16/100,0) -> 0 | CK16: =IFERROR(_xlfn.XLOOKUP($F16,'FCDB 2017 (full)'!$C:$C,'FCDB 2017 (full)'!$CB:$CB)*$H16/100,0) -> 0 | CL16: =IFERROR(_xlfn.XLOOKUP($F16,'FCDB 2017 (full)'!$C:$C,'FCDB 2017 (full)'!$CC:$CC)*$H16/100,0) -> 0 | CM16: =IFERROR(_xlfn.XLOOKUP($F16,'FCDB 2017 (full)'!$C:$C,'FCDB 2017 (full)'!$CD:$CD)*$H16/100,0) -> 0 | CN16: =IFERROR(_xlfn.XLOOKUP($F16,'FCDB 2017 (full)'!$C:$C,'FCDB 2017 (full)'!$CE:$CE)*$H16/100,0) -> 0 | CO16: =IFERROR(_xlfn.XLOOKUP($F16,'FCDB 2017 (full)'!$C:$C,'FCDB 2017 (full)'!$CF:$CF)*$H16/100,0) -> 0 | CP16: =IFERROR(_xlfn.XLOOKUP($F16,'FCDB 2017 (full)'!$C:$C,'FCDB 2017 (full)'!$CG:$CG)*$H16/100,0) -> 0 | CQ16: =IFERROR(_xlfn.XLOOKUP($F16,'FCDB 2017 (full)'!$C:$C,'FCDB 2017 (full)'!$CH:$CH)*$H16/100,0) -> 0 | DA16: SÁNG
F17: =IFERROR(VLOOKUP($D$9,$D:$AE,3,0),0) -> Bánh quẩy nóng | G17: {=IF(F17=0,0,IF(_xlfn.XLOOKUP(F17,$E$9:$AE$9,$E$10:$AE$10)=0,"Nhập ĐV/TV",_xlfn.XLOOKUP(F17,$E$9:$AE$9,$E$10:$AE$10)))} -> #NAME? | H17: {=IFERROR(INDEX($E$11:$AE$11,MATCH(F17,$E$9:$AE$9,0)),0)} -> 15 | I17: =IFERROR(_xlfn.XLOOKUP($F17,'FCDB 2017 (full)'!$C:$C,'FCDB 2017 (full)'!$E:$E),0) -> 0 | J17: =$H17*I17/100 -> 0 | K17: =IFERROR(_xlfn.XLOOKUP($F17,'FCDB 2017 (full)'!$C:$C,'FCDB 2017 (full)'!$G:$G),0) -> 0 | L17: =IF($G17=L$15,$H17*$K17/100,0) -> #NAME? | M17: =IF($G17=M$15,$H17*$K17/100,0) -> #NAME? | N17: =IFERROR(_xlfn.XLOOKUP($F17,'FCDB 2017 (full)'!$C:$C,'FCDB 2017 (full)'!$H:$H),0) -> 0 | O17: =IF($G17=O$15,$H17*$N17/100,0) -> #NAME? | P17: =IF($G17=P$15,$H17*$N17/100,0) -> #NAME? | Q17: =IFERROR(_xlfn.XLOOKUP($F17,'FCDB 2017 (full)'!$C:$C,'FCDB 2017 (full)'!$I:$I),0) -> 0 | R17: =$H17*Q17/100 -> 0 | S17: =IFERROR(_xlfn.XLOOKUP($F17,'FCDB 2017 (full)'!$C:$C,'FCDB 2017 (full)'!$J:$J)*$H17/100,0) -> 0 | T17: =IFERROR(_xlfn.XLOOKUP($F17,'FCDB 2017 (full)'!$C:$C,'FCDB 2017 (full)'!$K:$K)*$H17/100,0) -> 0 | U17: =IFERROR(_xlfn.XLOOKUP($F17,'FCDB 2017 (full)'!$C:$C,'FCDB 2017 (full)'!$L:$L)*$H17/100,0) -> 0 | V17: =IFERROR(_xlfn.XLOOKUP($F17,'FCDB 2017 (full)'!$C:$C,'FCDB 2017 (full)'!$M:$M)*$H17/100,0) -> 0 | W17: =IFERROR(_xlfn.XLOOKUP($F17,'FCDB 2017 (full)'!$C:$C,'FCDB 2017 (full)'!$N:$N)*$H17/100,0) -> 0 | X17: =IFERROR(_xlfn.XLOOKUP($F17,'FCDB 2017 (full)'!$C:$C,'FCDB 2017 (full)'!$O:$O)*$H17/100,0) -> 0 | Y17: =IFERROR(_xlfn.XLOOKUP($F17,'FCDB 2017 (full)'!$C:$C,'FCDB 2017 (full)'!$P:$P)*$H17/100,0) -> 0 | Z17: =IFERROR(_xlfn.XLOOKUP($F17,'FCDB 2017 (full)'!$C:$C,'FCDB 2017 (full)'!$Q:$Q)*$H17/100,0) -> 0 | AA17: =IFERROR(_xlfn.XLOOKUP($F17,'FCDB 2017 (full)'!$C:$C,'FCDB 2017 (full)'!$R:$R)*$H17/100,0) -> 0 | AB17: =IFERROR(_xlfn.XLOOKUP($F17,'FCDB 2017 (full)'!$C:$C,'FCDB 2017 (full)'!$S:$S)*$H17/100,0) -> 0 | AC17: =IFERROR(_xlfn.XLOOKUP($F17,'FCDB 2017 (full)'!$C:$C,'FCDB 2017 (full)'!$T:$T)*$H17/100,0) -> 0 | AD17: =IFERROR(_xlfn.XLOOKUP($F17,'FCDB 2017 (full)'!$C:$C,'FCDB 2017 (full)'!$U:$U)*$H17/100,0) -> 0 | AE17: =IFERROR(_xlfn.XLOOKUP($F17,'FCDB 2017 (full)'!$C:$C,'FCDB 2017 (full)'!$V:$V)*$H17/100,0) -> 0 | AF17: =IFERROR(_xlfn.XLOOKUP($F17,'FCDB 2017 (full)'!$C:$C,'FCDB 2017 (full)'!$W:$W)*$H17/100,0) -> 0 | AG17: =IFERROR(_xlfn.XLOOKUP($F17,'FCDB 2017 (full)'!$C:$C,'FCDB 2017 (full)'!$X:$X)*$H17/100,0) -> 0 | AH17: =IFERROR(_xlfn.XLOOKUP($F17,'FCDB 2017 (full)'!$C:$C,'FCDB 2017 (full)'!$Y:$Y)*$H17/100,0) -> 0 | AI17: =IFERROR(_xlfn.XLOOKUP($F17,'FCDB 2017 (full)'!$C:$C,'FCDB 2017 (full)'!$Z:$Z)*$H17/100,0) -> 0 | AJ17: =IFERROR(_xlfn.XLOOKUP($F17,'FCDB 2017 (full)'!$C:$C,'FCDB 2017 (full)'!$AA:$AA)*$H17/100,0) -> 0 | AK17: =IFERROR(_xlfn.XLOOKUP($F17,'FCDB 2017 (full)'!$C:$C,'FCDB 2017 (full)'!$AB:$AB)*$H17/100,0) -> 0 | AL17: =IFERROR(_xlfn.XLOOKUP($F17,'FCDB 2017 (full)'!$C:$C,'FCDB 2017 (full)'!$AC:$AC)*$H17/100,0) -> 0 | AM17: =IFERROR(_xlfn.XLOOKUP($F17,'FCDB 2017 (full)'!$C:$C,'FCDB 2017 (full)'!$AD:$AD)*$H17/100,0) -> 0 | AN17: =IFERROR(_xlfn.XLOOKUP($F17,'FCDB 2017 (full)'!$C:$C,'FCDB 2017 (full)'!$AE:$AE)*$H17/100,0) -> 0 | AO17: =IFERROR(_xlfn.XLOOKUP($F17,'FCDB 2017 (full)'!$C:$C,'FCDB 2017 (full)'!$AF:$AF)*$H17/100,0) -> 0 | AP17: =IFERROR(_xlfn.XLOOKUP($F17,'FCDB 2017 (full)'!$C:$C,'FCDB 2017 (full)'!$AG:$AG)*$H17/100,0) -> 0 | AQ17: =IFERROR(_xlfn.XLOOKUP($F17,'FCDB 2017 (full)'!$C:$C,'FCDB 2017 (full)'!$AH:$AH)*$H17/100,0) -> 0 | AR17: =IFERROR(_xlfn.XLOOKUP($F17,'FCDB 2017 (full)'!$C:$C,'FCDB 2017 (full)'!$AI:$AI)*$H17/100,0) -> 0 | AS17: =IFERROR(_xlfn.XLOOKUP($F17,'FCDB 2017 (full)'!$C:$C,'FCDB 2017 (full)'!$AJ:$AJ)*$H17/100,0) -> 0 | AT17: =IFERROR(_xlfn.XLOOKUP($F17,'FCDB 2017 (full)'!$C:$C,'FCDB 2017 (full)'!$AK:$AK)*$H17/100,0) -> 0 | AU17: =IFERROR(_xlfn.XLOOKUP($F17,'FCDB 2017 (full)'!$C:$C,'FCDB 2017 (full)'!$AK:$AK)*$H17/100,0) -> 0 | AV17: =IFERROR(_xlfn.XLOOKUP($F17,'FCDB 2017 (full)'!$C:$C,'FCDB 2017 (full)'!$AM:$AM)*$H17/100,0) -> 0 | AW17: =IFERROR(_xlfn.XLOOKUP($F17,'FCDB 2017 (full)'!$C:$C,'FCDB 2017 (full)'!$AN:$AN)*$H17/100,0) -> 0 | AX17: =IFERROR(_xlfn.XLOOKUP($F17,'FCDB 2017 (full)'!$C:$C,'FCDB 2017 (full)'!$AO:$AO)*$H17/100,0) -> 0 | AY17: =IFERROR(_xlfn.XLOOKUP($F17,'FCDB 2017 (full)'!$C:$C,'FCDB 2017 (full)'!$AP:$AP)*$H17/100,0) -> 0 | AZ17: =IFERROR(_xlfn.XLOOKUP($F17,'FCDB 2017 (full)'!$C:$C,'FCDB 2017 (full)'!$AQ:$AQ)*$H17/100,0) -> 0 | BA17: =IFERROR(_xlfn.XLOOKUP($F17,'FCDB 2017 (full)'!$C:$C,'FCDB 2017 (full)'!$AR:$AR)*$H17/100,0) -> 0 | BB17: =IFERROR(_xlfn.XLOOKUP($F17,'FCDB 2017 (full)'!$C:$C,'FCDB 2017 (full)'!$AS:$AS)*$H17/100,0) -> 0 | BC17: =IFERROR(_xlfn.XLOOKUP($F17,'FCDB 2017 (full)'!$C:$C,'FCDB 2017 (full)'!$AT:$AT)*$H17/100,0) -> 0 | BD17: =IFERROR(_xlfn.XLOOKUP($F17,'FCDB 2017 (full)'!$C:$C,'FCDB 2017 (full)'!$AU:$AU)*$H17/100,0) -> 0 | BE17: =IFERROR(_xlfn.XLOOKUP($F17,'FCDB 2017 (full)'!$C:$C,'FCDB 2017 (full)'!$AV:$AV)*$H17/100,0) -> 0 | BF17: =IFERROR(_xlfn.XLOOKUP($F17,'FCDB 2017 (full)'!$C:$C,'FCDB 2017 (full)'!$AW:$AW)*$H17/100,0) -> 0 | BG17: =IFERROR(_xlfn.XLOOKUP($F17,'FCDB 2017 (full)'!$C:$C,'FCDB 2017 (full)'!$AX:$AX)*$H17/100,0) -> 0 | BH17: =IFERROR(_xlfn.XLOOKUP($F17,'FCDB 2017 (full)'!$C:$C,'FCDB 2017 (full)'!$AY:$AY)*$H17/100,0) -> 0 | BI17: =IFERROR(_xlfn.XLOOKUP($F17,'FCDB 2017 (full)'!$C:$C,'FCDB 2017 (full)'!$AZ:$AZ)*$H17/100,0) -> 0 | BJ17: =IFERROR(_xlfn.XLOOKUP($F17,'FCDB 2017 (full)'!$C:$C,'FCDB 2017 (full)'!$BA:$BA)*$H17/100,0) -> 0 | BK17: =IFERROR(_xlfn.XLOOKUP($F17,'FCDB 2017 (full)'!$C:$C,'FCDB 2017 (full)'!$BB:$BB)*$H17/100,0) -> 0 | BL17: =IFERROR(_xlfn.XLOOKUP($F17,'FCDB 2017 (full)'!$C:$C,'FCDB 2017 (full)'!$BC:$BC)*$H17/100,0) -> 0 | BM17: =IFERROR(_xlfn.XLOOKUP($F17,'FCDB 2017 (full)'!$C:$C,'FCDB 2017 (full)'!$BD:$BD)*$H17/100,0) -> 0 | BN17: =IFERROR(_xlfn.XLOOKUP($F17,'FCDB 2017 (full)'!$C:$C,'FCDB 2017 (full)'!$BE:$BE)*$H17/100,0) -> 0 | BO17: =IFERROR(_xlfn.XLOOKUP($F17,'FCDB 2017 (full)'!$C:$C,'FCDB 2017 (full)'!$BF:$BF)*$H17/100,0) -> 0 | BP17: =IFERROR(_xlfn.XLOOKUP($F17,'FCDB 2017 (full)'!$C:$C,'FCDB 2017 (full)'!$BG:$BG)*$H17/100,0) -> 0 | BQ17: =IFERROR(_xlfn.XLOOKUP($F17,'FCDB 2017 (full)'!$C:$C,'FCDB 2017 (full)'!$BH:$BH)*$H17/100,0) -> 0 | BR17: =IFERROR(_xlfn.XLOOKUP($F17,'FCDB 2017 (full)'!$C:$C,'FCDB 2017 (full)'!$BI:$BI)*$H17/100,0) -> 0 | BS17: =IFERROR(_xlfn.XLOOKUP($F17,'FCDB 2017 (full)'!$C:$C,'FCDB 2017 (full)'!$BJ:$BJ)*$H17/100,0) -> 0 | BT17: =IFERROR(_xlfn.XLOOKUP($F17,'FCDB 2017 (full)'!$C:$C,'FCDB 2017 (full)'!$BK:$BK)*$H17/100,0) -> 0 | BU17: =IFERROR(_xlfn.XLOOKUP($F17,'FCDB 2017 (full)'!$C:$C,'FCDB 2017 (full)'!$BL:$BL)*$H17/100,0) -> 0 | BV17: =IFERROR(_xlfn.XLOOKUP($F17,'FCDB 2017 (full)'!$C:$C,'FCDB 2017 (full)'!$BM:$BM)*$H17/100,0) -> 0 | BW17: =IFERROR(_xlfn.XLOOKUP($F17,'FCDB 2017 (full)'!$C:$C,'FCDB 2017 (full)'!$BN:$BN)*$H17/100,0) -> 0 | BX17: =IFERROR(_xlfn.XLOOKUP($F17,'FCDB 2017 (full)'!$C:$C,'FCDB 2017 (full)'!$BO:$BO)*$H17/100,0) -> 0 | BY17: =IFERROR(_xlfn.XLOOKUP($F17,'FCDB 2017 (full)'!$C:$C,'FCDB 2017 (full)'!$BP:$BP)*$H17/100,0) -> 0 | BZ17: =IFERROR(_xlfn.XLOOKUP($F17,'FCDB 2017 (full)'!$C:$C,'FCDB 2017 (full)'!$BQ:$BQ)*$H17/100,0) -> 0 | CA17: =IFERROR(_xlfn.XLOOKUP($F17,'FCDB 2017 (full)'!$C:$C,'FCDB 2017 (full)'!$BR:$BR)*$H17/100,0) -> 0 | CB17: =IFERROR(_xlfn.XLOOKUP($F17,'FCDB 2017 (full)'!$C:$C,'FCDB 2017 (full)'!$BS:$BS)*$H17/100,0) -> 0 | CC17: =IFERROR(_xlfn.XLOOKUP($F17,'FCDB 2017 (full)'!$C:$C,'FCDB 2017 (full)'!$BT:$BT)*$H17/100,0) -> 0 | CD17: =IFERROR(_xlfn.XLOOKUP($F17,'FCDB 2017 (full)'!$C:$C,'FCDB 2017 (full)'!$BU:$BU)*$H17/100,0) -> 0 | CE17: =IFERROR(_xlfn.XLOOKUP($F17,'FCDB 2017 (full)'!$C:$C,'FCDB 2017 (full)'!$BV:$BV)*$H17/100,0) -> 0 | CF17: =IFERROR(_xlfn.XLOOKUP($F17,'FCDB 2017 (full)'!$C:$C,'FCDB 2017 (full)'!$BW:$BW)*$H17/100,0) -> 0 | CG17: =IFERROR(_xlfn.XLOOKUP($F17,'FCDB 2017 (full)'!$C:$C,'FCDB 2017 (full)'!$BX:$BX)*$H17/100,0) -> 0 | CH17: =IFERROR(_xlfn.XLOOKUP($F17,'FCDB 2017 (full)'!$C:$C,'FCDB 2017 (full)'!$BY:$BY)*$H17/100,0) -> 0 | CI17: =IFERROR(_xlfn.XLOOKUP($F17,'FCDB 2017 (full)'!$C:$C,'FCDB 2017 (full)'!$BZ:$BZ)*$H17/100,0) -> 0 | CJ17: =IFERROR(_xlfn.XLOOKUP($F17,'FCDB 2017 (full)'!$C:$C,'FCDB 2017 (full)'!$CA:$CA)*$H17/100,0) -> 0 | CK17: =IFERROR(_xlfn.XLOOKUP($F17,'FCDB 2017 (full)'!$C:$C,'FCDB 2017 (full)'!$CB:$CB)*$H17/100,0) -> 0 | CL17: =IFERROR(_xlfn.XLOOKUP($F17,'FCDB 2017 (full)'!$C:$C,'FCDB 2017 (full)'!$CC:$CC)*$H17/100,0) -> 0 | CM17: =IFERROR(_xlfn.XLOOKUP($F17,'FCDB 2017 (full)'!$C:$C,'FCDB 2017 (full)'!$CD:$CD)*$H17/100,0) -> 0 | CN17: =IFERROR(_xlfn.XLOOKUP($F17,'FCDB 2017 (full)'!$C:$C,'FCDB 2017 (full)'!$CE:$CE)*$H17/100,0) -> 0 | CO17: =IFERROR(_xlfn.XLOOKUP($F17,'FCDB 2017 (full)'!$C:$C,'FCDB 2017 (full)'!$CF:$CF)*$H17/100,0) -> 0 | CP17: =IFERROR(_xlfn.XLOOKUP($F17,'FCDB 2017 (full)'!$C:$C,'FCDB 2017 (full)'!$CG:$CG)*$H17/100,0) -> 0 | CQ17: =IFERROR(_xlfn.XLOOKUP($F17,'FCDB 2017 (full)'!$C:$C,'FCDB 2017 (full)'!$CH:$CH)*$H17/100,0) -> 0 | DA17: SÁNG
F18: =IFERROR(VLOOKUP($D$9,$D:$AE,4,0),0) -> 0 | G18: {=IF(F18=0,0,IF(_xlfn.XLOOKUP(F18,$E$9:$AE$9,$E$10:$AE$10)=0,"Nhập ĐV/TV",_xlfn.XLOOKUP(F18,$E$9:$AE$9,$E$10:$AE$10)))} -> 0 | H18: {=IFERROR(INDEX($E$11:$AE$11,MATCH(F18,$E$9:$AE$9,0)),0)} -> 0 | I18: =IFERROR(_xlfn.XLOOKUP($F18,'FCDB 2017 (full)'!$C:$C,'FCDB 2017 (full)'!$E:$E),0) -> 0 | J18: =$H18*I18/100 -> 0 | K18: =IFERROR(_xlfn.XLOOKUP($F18,'FCDB 2017 (full)'!$C:$C,'FCDB 2017 (full)'!$G:$G),0) -> 0 | L18: =IF($G18=L$15,$H18*$K18/100,0) -> 0 | M18: =IF($G18=M$15,$H18*$K18/100,0) -> 0 | N18: =IFERROR(_xlfn.XLOOKUP($F18,'FCDB 2017 (full)'!$C:$C,'FCDB 2017 (full)'!$H:$H),0) -> 0 | O18: =IF($G18=O$15,$H18*$N18/100,0) -> 0 | P18: =IF($G18=P$15,$H18*$N18/100,0) -> 0 | Q18: =IFERROR(_xlfn.XLOOKUP($F18,'FCDB 2017 (full)'!$C:$C,'FCDB 2017 (full)'!$I:$I),0) -> 0 | R18: =$H18*Q18/100 -> 0 | S18: =IFERROR(_xlfn.XLOOKUP($F18,'FCDB 2017 (full)'!$C:$C,'FCDB 2017 (full)'!$J:$J)*$H18/100,0) -> 0 | T18: =IFERROR(_xlfn.XLOOKUP($F18,'FCDB 2017 (full)'!$C:$C,'FCDB 2017 (full)'!$K:$K)*$H18/100,0) -> 0 | U18: =IFERROR(_xlfn.XLOOKUP($F18,'FCDB 2017 (full)'!$C:$C,'FCDB 2017 (full)'!$L:$L)*$H18/100,0) -> 0 | V18: =IFERROR(_xlfn.XLOOKUP($F18,'FCDB 2017 (full)'!$C:$C,'FCDB 2017 (full)'!$M:$M)*$H18/100,0) -> 0 | W18: =IFERROR(_xlfn.XLOOKUP($F18,'FCDB 2017 (full)'!$C:$C,'FCDB 2017 (full)'!$N:$N)*$H18/100,0) -> 0 | X18: =IFERROR(_xlfn.XLOOKUP($F18,'FCDB 2017 (full)'!$C:$C,'FCDB 2017 (full)'!$O:$O)*$H18/100,0) -> 0 | Y18: =IFERROR(_xlfn.XLOOKUP($F18,'FCDB 2017 (full)'!$C:$C,'FCDB 2017 (full)'!$P:$P)*$H18/100,0) -> 0 | Z18: =IFERROR(_xlfn.XLOOKUP($F18,'FCDB 2017 (full)'!$C:$C,'FCDB 2017 (full)'!$Q:$Q)*$H18/100,0) -> 0 | AA18: =IFERROR(_xlfn.XLOOKUP($F18,'FCDB 2017 (full)'!$C:$C,'FCDB 2017 (full)'!$R:$R)*$H18/100,0) -> 0 | AB18: =IFERROR(_xlfn.XLOOKUP($F18,'FCDB 2017 (full)'!$C:$C,'FCDB 2017 (full)'!$S:$S)*$H18/100,0) -> 0 | AC18: =IFERROR(_xlfn.XLOOKUP($F18,'FCDB 2017 (full)'!$C:$C,'FCDB 2017 (full)'!$T:$T)*$H18/100,0) -> 0 | AD18: =IFERROR(_xlfn.XLOOKUP($F18,'FCDB 2017 (full)'!$C:$C,'FCDB 2017 (full)'!$U:$U)*$H18/100,0) -> 0 | AE18: =IFERROR(_xlfn.XLOOKUP($F18,'FCDB 2017 (full)'!$C:$C,'FCDB 2017 (full)'!$V:$V)*$H18/100,0) -> 0 | AF18: =IFERROR(_xlfn.XLOOKUP($F18,'FCDB 2017 (full)'!$C:$C,'FCDB 2017 (full)'!$W:$W)*$H18/100,0) -> 0 | AG18: =IFERROR(_xlfn.XLOOKUP($F18,'FCDB 2017 (full)'!$C:$C,'FCDB 2017 (full)'!$X:$X)*$H18/100,0) -> 0 | AH18: =IFERROR(_xlfn.XLOOKUP($F18,'FCDB 2017 (full)'!$C:$C,'FCDB 2017 (full)'!$Y:$Y)*$H18/100,0) -> 0 | AI18: =IFERROR(_xlfn.XLOOKUP($F18,'FCDB 2017 (full)'!$C:$C,'FCDB 2017 (full)'!$Z:$Z)*$H18/100,0) -> 0 | AJ18: =IFERROR(_xlfn.XLOOKUP($F18,'FCDB 2017 (full)'!$C:$C,'FCDB 2017 (full)'!$AA:$AA)*$H18/100,0) -> 0 | AK18: =IFERROR(_xlfn.XLOOKUP($F18,'FCDB 2017 (full)'!$C:$C,'FCDB 2017 (full)'!$AB:$AB)*$H18/100,0) -> 0 | AL18: =IFERROR(_xlfn.XLOOKUP($F18,'FCDB 2017 (full)'!$C:$C,'FCDB 2017 (full)'!$AC:$AC)*$H18/100,0) -> 0 | AM18: =IFERROR(_xlfn.XLOOKUP($F18,'FCDB 2017 (full)'!$C:$C,'FCDB 2017 (full)'!$AD:$AD)*$H18/100,0) -> 0 | AN18: =IFERROR(_xlfn.XLOOKUP($F18,'FCDB 2017 (full)'!$C:$C,'FCDB 2017 (full)'!$AE:$AE)*$H18/100,0) -> 0 | AO18: =IFERROR(_xlfn.XLOOKUP($F18,'FCDB 2017 (full)'!$C:$C,'FCDB 2017 (full)'!$AF:$AF)*$H18/100,0) -> 0 | AP18: =IFERROR(_xlfn.XLOOKUP($F18,'FCDB 2017 (full)'!$C:$C,'FCDB 2017 (full)'!$AG:$AG)*$H18/100,0) -> 0 | AQ18: =IFERROR(_xlfn.XLOOKUP($F18,'FCDB 2017 (full)'!$C:$C,'FCDB 2017 (full)'!$AH:$AH)*$H18/100,0) -> 0 | AR18: =IFERROR(_xlfn.XLOOKUP($F18,'FCDB 2017 (full)'!$C:$C,'FCDB 2017 (full)'!$AI:$AI)*$H18/100,0) -> 0 | AS18: =IFERROR(_xlfn.XLOOKUP($F18,'FCDB 2017 (full)'!$C:$C,'FCDB 2017 (full)'!$AJ:$AJ)*$H18/100,0) -> 0 | AT18: =IFERROR(_xlfn.XLOOKUP($F18,'FCDB 2017 (full)'!$C:$C,'FCDB 2017 (full)'!$AK:$AK)*$H18/100,0) -> 0 | AU18: =IFERROR(_xlfn.XLOOKUP($F18,'FCDB 2017 (full)'!$C:$C,'FCDB 2017 (full)'!$AK:$AK)*$H18/100,0) -> 0 | AV18: =IFERROR(_xlfn.XLOOKUP($F18,'FCDB 2017 (full)'!$C:$C,'FCDB 2017 (full)'!$AM:$AM)*$H18/100,0) -> 0 | AW18: =IFERROR(_xlfn.XLOOKUP($F18,'FCDB 2017 (full)'!$C:$C,'FCDB 2017 (full)'!$AN:$AN)*$H18/100,0) -> 0 | AX18: =IFERROR(_xlfn.XLOOKUP($F18,'FCDB 2017 (full)'!$C:$C,'FCDB 2017 (full)'!$AO:$AO)*$H18/100,0) -> 0 | AY18: =IFERROR(_xlfn.XLOOKUP($F18,'FCDB 2017 (full)'!$C:$C,'FCDB 2017 (full)'!$AP:$AP)*$H18/100,0) -> 0 | AZ18: =IFERROR(_xlfn.XLOOKUP($F18,'FCDB 2017 (full)'!$C:$C,'FCDB 2017 (full)'!$AQ:$AQ)*$H18/100,0) -> 0 | BA18: =IFERROR(_xlfn.XLOOKUP($F18,'FCDB 2017 (full)'!$C:$C,'FCDB 2017 (full)'!$AR:$AR)*$H18/100,0) -> 0 | BB18: =IFERROR(_xlfn.XLOOKUP($F18,'FCDB 2017 (full)'!$C:$C,'FCDB 2017 (full)'!$AS:$AS)*$H18/100,0) -> 0 | BC18: =IFERROR(_xlfn.XLOOKUP($F18,'FCDB 2017 (full)'!$C:$C,'FCDB 2017 (full)'!$AT:$AT)*$H18/100,0) -> 0 | BD18: =IFERROR(_xlfn.XLOOKUP($F18,'FCDB 2017 (full)'!$C:$C,'FCDB 2017 (full)'!$AU:$AU)*$H18/100,0) -> 0 | BE18: =IFERROR(_xlfn.XLOOKUP($F18,'FCDB 2017 (full)'!$C:$C,'FCDB 2017 (full)'!$AV:$AV)*$H18/100,0) -> 0 | BF18: =IFERROR(_xlfn.XLOOKUP($F18,'FCDB 2017 (full)'!$C:$C,'FCDB 2017 (full)'!$AW:$AW)*$H18/100,0) -> 0 | BG18: =IFERROR(_xlfn.XLOOKUP($F18,'FCDB 2017 (full)'!$C:$C,'FCDB 2017 (full)'!$AX:$AX)*$H18/100,0) -> 0 | BH18: =IFERROR(_xlfn.XLOOKUP($F18,'FCDB 2017 (full)'!$C:$C,'FCDB 2017 (full)'!$AY:$AY)*$H18/100,0) -> 0 | BI18: =IFERROR(_xlfn.XLOOKUP($F18,'FCDB 2017 (full)'!$C:$C,'FCDB 2017 (full)'!$AZ:$AZ)*$H18/100,0) -> 0 | BJ18: =IFERROR(_xlfn.XLOOKUP($F18,'FCDB 2017 (full)'!$C:$C,'FCDB 2017 (full)'!$BA:$BA)*$H18/100,0) -> 0 | BK18: =IFERROR(_xlfn.XLOOKUP($F18,'FCDB 2017 (full)'!$C:$C,'FCDB 2017 (full)'!$BB:$BB)*$H18/100,0) -> 0 | BL18: =IFERROR(_xlfn.XLOOKUP($F18,'FCDB 2017 (full)'!$C:$C,'FCDB 2017 (full)'!$BC:$BC)*$H18/100,0) -> 0 | BM18: =IFERROR(_xlfn.XLOOKUP($F18,'FCDB 2017 (full)'!$C:$C,'FCDB 2017 (full)'!$BD:$BD)*$H18/100,0) -> 0 | BN18: =IFERROR(_xlfn.XLOOKUP($F18,'FCDB 2017 (full)'!$C:$C,'FCDB 2017 (full)'!$BE:$BE)*$H18/100,0) -> 0 | BO18: =IFERROR(_xlfn.XLOOKUP($F18,'FCDB 2017 (full)'!$C:$C,'FCDB 2017 (full)'!$BF:$BF)*$H18/100,0) -> 0 | BP18: =IFERROR(_xlfn.XLOOKUP($F18,'FCDB 2017 (full)'!$C:$C,'FCDB 2017 (full)'!$BG:$BG)*$H18/100,0) -> 0 | BQ18: =IFERROR(_xlfn.XLOOKUP($F18,'FCDB 2017 (full)'!$C:$C,'FCDB 2017 (full)'!$BH:$BH)*$H18/100,0) -> 0 | BR18: =IFERROR(_xlfn.XLOOKUP($F18,'FCDB 2017 (full)'!$C:$C,'FCDB 2017 (full)'!$BI:$BI)*$H18/100,0) -> 0 | BS18: =IFERROR(_xlfn.XLOOKUP($F18,'FCDB 2017 (full)'!$C:$C,'FCDB 2017 (full)'!$BJ:$BJ)*$H18/100,0) -> 0 | BT18: =IFERROR(_xlfn.XLOOKUP($F18,'FCDB 2017 (full)'!$C:$C,'FCDB 2017 (full)'!$BK:$BK)*$H18/100,0) -> 0 | BU18: =IFERROR(_xlfn.XLOOKUP($F18,'FCDB 2017 (full)'!$C:$C,'FCDB 2017 (full)'!$BL:$BL)*$H18/100,0) -> 0 | BV18: =IFERROR(_xlfn.XLOOKUP($F18,'FCDB 2017 (full)'!$C:$C,'FCDB 2017 (full)'!$BM:$BM)*$H18/100,0) -> 0 | BW18: =IFERROR(_xlfn.XLOOKUP($F18,'FCDB 2017 (full)'!$C:$C,'FCDB 2017 (full)'!$BN:$BN)*$H18/100,0) -> 0 | BX18: =IFERROR(_xlfn.XLOOKUP($F18,'FCDB 2017 (full)'!$C:$C,'FCDB 2017 (full)'!$BO:$BO)*$H18/100,0) -> 0 | BY18: =IFERROR(_xlfn.XLOOKUP($F18,'FCDB 2017 (full)'!$C:$C,'FCDB 2017 (full)'!$BP:$BP)*$H18/100,0) -> 0 | BZ18: =IFERROR(_xlfn.XLOOKUP($F18,'FCDB 2017 (full)'!$C:$C,'FCDB 2017 (full)'!$BQ:$BQ)*$H18/100,0) -> 0 | CA18: =IFERROR(_xlfn.XLOOKUP($F18,'FCDB 2017 (full)'!$C:$C,'FCDB 2017 (full)'!$BR:$BR)*$H18/100,0) -> 0 | CB18: =IFERROR(_xlfn.XLOOKUP($F18,'FCDB 2017 (full)'!$C:$C,'FCDB 2017 (full)'!$BS:$BS)*$H18/100,0) -> 0 | CC18: =IFERROR(_xlfn.XLOOKUP($F18,'FCDB 2017 (full)'!$C:$C,'FCDB 2017 (full)'!$BT:$BT)*$H18/100,0) -> 0 | CD18: =IFERROR(_xlfn.XLOOKUP($F18,'FCDB 2017 (full)'!$C:$C,'FCDB 2017 (full)'!$BU:$BU)*$H18/100,0) -> 0 | CE18: =IFERROR(_xlfn.XLOOKUP($F18,'FCDB 2017 (full)'!$C:$C,'FCDB 2017 (full)'!$BV:$BV)*$H18/100,0) -> 0 | CF18: =IFERROR(_xlfn.XLOOKUP($F18,'FCDB 2017 (full)'!$C:$C,'FCDB 2017 (full)'!$BW:$BW)*$H18/100,0) -> 0 | CG18: =IFERROR(_xlfn.XLOOKUP($F18,'FCDB 2017 (full)'!$C:$C,'FCDB 2017 (full)'!$BX:$BX)*$H18/100,0) -> 0 | CH18: =IFERROR(_xlfn.XLOOKUP($F18,'FCDB 2017 (full)'!$C:$C,'FCDB 2017 (full)'!$BY:$BY)*$H18/100,0) -> 0 | CI18: =IFERROR(_xlfn.XLOOKUP($F18,'FCDB 2017 (full)'!$C:$C,'FCDB 2017 (full)'!$BZ:$BZ)*$H18/100,0) -> 0 | CJ18: =IFERROR(_xlfn.XLOOKUP($F18,'FCDB 2017 (full)'!$C:$C,'FCDB 2017 (full)'!$CA:$CA)*$H18/100,0) -> 0 | CK18: =IFERROR(_xlfn.XLOOKUP($F18,'FCDB 2017 (full)'!$C:$C,'FCDB 2017 (full)'!$CB:$CB)*$H18/100,0) -> 0 | CL18: =IFERROR(_xlfn.XLOOKUP($F18,'FCDB 2017 (full)'!$C:$C,'FCDB 2017 (full)'!$CC:$CC)*$H18/100,0) -> 0 | CM18: =IFERROR(_xlfn.XLOOKUP($F18,'FCDB 2017 (full)'!$C:$C,'FCDB 2017 (full)'!$CD:$CD)*$H18/100,0) -> 0 | CN18: =IFERROR(_xlfn.XLOOKUP($F18,'FCDB 2017 (full)'!$C:$C,'FCDB 2017 (full)'!$CE:$CE)*$H18/100,0) -> 0 | CO18: =IFERROR(_xlfn.XLOOKUP($F18,'FCDB 2017 (full)'!$C:$C,'FCDB 2017 (full)'!$CF:$CF)*$H18/100,0) -> 0 | CP18: =IFERROR(_xlfn.XLOOKUP($F18,'FCDB 2017 (full)'!$C:$C,'FCDB 2017 (full)'!$CG:$CG)*$H18/100,0) -> 0 | CQ18: =IFERROR(_xlfn.XLOOKUP($F18,'FCDB 2017 (full)'!$C:$C,'FCDB 2017 (full)'!$CH:$CH)*$H18/100,0) -> 0 | DA18: SÁNG
F19: =IFERROR(VLOOKUP($D$9,$D:$AE,5,0),0) -> 0 | G19: {=IF(F19=0,0,IF(_xlfn.XLOOKUP(F19,$E$9:$AE$9,$E$10:$AE$10)=0,"Nhập ĐV/TV",_xlfn.XLOOKUP(F19,$E$9:$AE$9,$E$10:$AE$10)))} -> 0 | H19: {=IFERROR(INDEX($E$11:$AE$11,MATCH(F19,$E$9:$AE$9,0)),0)} -> 0 | I19: =IFERROR(_xlfn.XLOOKUP($F19,'FCDB 2017 (full)'!$C:$C,'FCDB 2017 (full)'!$E:$E),0) -> 0 | J19: =$H19*I19/100 -> 0 | K19: =IFERROR(_xlfn.XLOOKUP($F19,'FCDB 2017 (full)'!$C:$C,'FCDB 2017 (full)'!$G:$G),0) -> 0 | L19: =IF($G19=L$15,$H19*$K19/100,0) -> 0 | M19: =IF($G19=M$15,$H19*$K19/100,0) -> 0 | N19: =IFERROR(_xlfn.XLOOKUP($F19,'FCDB 2017 (full)'!$C:$C,'FCDB 2017 (full)'!$H:$H),0) -> 0 | O19: =IF($G19=O$15,$H19*$N19/100,0) -> 0 | P19: =IF($G19=P$15,$H19*$N19/100,0) -> 0 | Q19: =IFERROR(_xlfn.XLOOKUP($F19,'FCDB 2017 (full)'!$C:$C,'FCDB 2017 (full)'!$I:$I),0) -> 0 | R19: =$H19*Q19/100 -> 0 | S19: =IFERROR(_xlfn.XLOOKUP($F19,'FCDB 2017 (full)'!$C:$C,'FCDB 2017 (full)'!$J:$J)*$H19/100,0) -> 0 | T19: =IFERROR(_xlfn.XLOOKUP($F19,'FCDB 2017 (full)'!$C:$C,'FCDB 2017 (full)'!$K:$K)*$H19/100,0) -> 0 | U19: =IFERROR(_xlfn.XLOOKUP($F19,'FCDB 2017 (full)'!$C:$C,'FCDB 2017 (full)'!$L:$L)*$H19/100,0) -> 0 | V19: =IFERROR(_xlfn.XLOOKUP($F19,'FCDB 2017 (full)'!$C:$C,'FCDB 2017 (full)'!$M:$M)*$H19/100,0) -> 0 | W19: =IFERROR(_xlfn.XLOOKUP($F19,'FCDB 2017 (full)'!$C:$C,'FCDB 2017 (full)'!$N:$N)*$H19/100,0) -> 0 | X19: =IFERROR(_xlfn.XLOOKUP($F19,'FCDB 2017 (full)'!$C:$C,'FCDB 2017 (full)'!$O:$O)*$H19/100,0) -> 0 | Y19: =IFERROR(_xlfn.XLOOKUP($F19,'FCDB 2017 (full)'!$C:$C,'FCDB 2017 (full)'!$P:$P)*$H19/100,0) -> 0 | Z19: =IFERROR(_xlfn.XLOOKUP($F19,'FCDB 2017 (full)'!$C:$C,'FCDB 2017 (full)'!$Q:$Q)*$H19/100,0) -> 0 | AA19: =IFERROR(_xlfn.XLOOKUP($F19,'FCDB 2017 (full)'!$C:$C,'FCDB 2017 (full)'!$R:$R)*$H19/100,0) -> 0 | AB19: =IFERROR(_xlfn.XLOOKUP($F19,'FCDB 2017 (full)'!$C:$C,'FCDB 2017 (full)'!$S:$S)*$H19/100,0) -> 0 | AC19: =IFERROR(_xlfn.XLOOKUP($F19,'FCDB 2017 (full)'!$C:$C,'FCDB 2017 (full)'!$T:$T)*$H19/100,0) -> 0 | AD19: =IFERROR(_xlfn.XLOOKUP($F19,'FCDB 2017 (full)'!$C:$C,'FCDB 2017 (full)'!$U:$U)*$H19/100,0) -> 0 | AE19: =IFERROR(_xlfn.XLOOKUP($F19,'FCDB 2017 (full)'!$C:$C,'FCDB 2017 (full)'!$V:$V)*$H19/100,0) -> 0 | AF19: =IFERROR(_xlfn.XLOOKUP($F19,'FCDB 2017 (full)'!$C:$C,'FCDB 2017 (full)'!$W:$W)*$H19/100,0) -> 0 | AG19: =IFERROR(_xlfn.XLOOKUP($F19,'FCDB 2017 (full)'!$C:$C,'FCDB 2017 (full)'!$X:$X)*$H19/100,0) -> 0 | AH19: =IFERROR(_xlfn.XLOOKUP($F19,'FCDB 2017 (full)'!$C:$C,'FCDB 2017 (full)'!$Y:$Y)*$H19/100,0) -> 0 | AI19: =IFERROR(_xlfn.XLOOKUP($F19,'FCDB 2017 (full)'!$C:$C,'FCDB 2017 (full)'!$Z:$Z)*$H19/100,0) -> 0 | AJ19: =IFERROR(_xlfn.XLOOKUP($F19,'FCDB 2017 (full)'!$C:$C,'FCDB 2017 (full)'!$AA:$AA)*$H19/100,0) -> 0 | AK19: =IFERROR(_xlfn.XLOOKUP($F19,'FCDB 2017 (full)'!$C:$C,'FCDB 2017 (full)'!$AB:$AB)*$H19/100,0) -> 0 | AL19: =IFERROR(_xlfn.XLOOKUP($F19,'FCDB 2017 (full)'!$C:$C,'FCDB 2017 (full)'!$AC:$AC)*$H19/100,0) -> 0 | AM19: =IFERROR(_xlfn.XLOOKUP($F19,'FCDB 2017 (full)'!$C:$C,'FCDB 2017 (full)'!$AD:$AD)*$H19/100,0) -> 0 | AN19: =IFERROR(_xlfn.XLOOKUP($F19,'FCDB 2017 (full)'!$C:$C,'FCDB 2017 (full)'!$AE:$AE)*$H19/100,0) -> 0 | AO19: =IFERROR(_xlfn.XLOOKUP($F19,'FCDB 2017 (full)'!$C:$C,'FCDB 2017 (full)'!$AF:$AF)*$H19/100,0) -> 0 | AP19: =IFERROR(_xlfn.XLOOKUP($F19,'FCDB 2017 (full)'!$C:$C,'FCDB 2017 (full)'!$AG:$AG)*$H19/100,0) -> 0 | AQ19: =IFERROR(_xlfn.XLOOKUP($F19,'FCDB 2017 (full)'!$C:$C,'FCDB 2017 (full)'!$AH:$AH)*$H19/100,0) -> 0 | AR19: =IFERROR(_xlfn.XLOOKUP($F19,'FCDB 2017 (full)'!$C:$C,'FCDB 2017 (full)'!$AI:$AI)*$H19/100,0) -> 0 | AS19: =IFERROR(_xlfn.XLOOKUP($F19,'FCDB 2017 (full)'!$C:$C,'FCDB 2017 (full)'!$AJ:$AJ)*$H19/100,0) -> 0 | AT19: =IFERROR(_xlfn.XLOOKUP($F19,'FCDB 2017 (full)'!$C:$C,'FCDB 2017 (full)'!$AK:$AK)*$H19/100,0) -> 0 | AU19: =IFERROR(_xlfn.XLOOKUP($F19,'FCDB 2017 (full)'!$C:$C,'FCDB 2017 (full)'!$AK:$AK)*$H19/100,0) -> 0 | AV19: =IFERROR(_xlfn.XLOOKUP($F19,'FCDB 2017 (full)'!$C:$C,'FCDB 2017 (full)'!$AM:$AM)*$H19/100,0) -> 0 | AW19: =IFERROR(_xlfn.XLOOKUP($F19,'FCDB 2017 (full)'!$C:$C,'FCDB 2017 (full)'!$AN:$AN)*$H19/100,0) -> 0 | AX19: =IFERROR(_xlfn.XLOOKUP($F19,'FCDB 2017 (full)'!$C:$C,'FCDB 2017 (full)'!$AO:$AO)*$H19/100,0) -> 0 | AY19: =IFERROR(_xlfn.XLOOKUP($F19,'FCDB 2017 (full)'!$C:$C,'FCDB 2017 (full)'!$AP:$AP)*$H19/100,0) -> 0 | AZ19: =IFERROR(_xlfn.XLOOKUP($F19,'FCDB 2017 (full)'!$C:$C,'FCDB 2017 (full)'!$AQ:$AQ)*$H19/100,0) -> 0 | BA19: =IFERROR(_xlfn.XLOOKUP($F19,'FCDB 2017 (full)'!$C:$C,'FCDB 2017 (full)'!$AR:$AR)*$H19/100,0) -> 0 | BB19: =IFERROR(_xlfn.XLOOKUP($F19,'FCDB 2017 (full)'!$C:$C,'FCDB 2017 (full)'!$AS:$AS)*$H19/100,0) -> 0 | BC19: =IFERROR(_xlfn.XLOOKUP($F19,'FCDB 2017 (full)'!$C:$C,'FCDB 2017 (full)'!$AT:$AT)*$H19/100,0) -> 0 | BD19: =IFERROR(_xlfn.XLOOKUP($F19,'FCDB 2017 (full)'!$C:$C,'FCDB 2017 (full)'!$AU:$AU)*$H19/100,0) -> 0 | BE19: =IFERROR(_xlfn.XLOOKUP($F19,'FCDB 2017 (full)'!$C:$C,'FCDB 2017 (full)'!$AV:$AV)*$H19/100,0) -> 0 | BF19: =IFERROR(_xlfn.XLOOKUP($F19,'FCDB 2017 (full)'!$C:$C,'FCDB 2017 (full)'!$AW:$AW)*$H19/100,0) -> 0 | BG19: =IFERROR(_xlfn.XLOOKUP($F19,'FCDB 2017 (full)'!$C:$C,'FCDB 2017 (full)'!$AX:$AX)*$H19/100,0) -> 0 | BH19: =IFERROR(_xlfn.XLOOKUP($F19,'FCDB 2017 (full)'!$C:$C,'FCDB 2017 (full)'!$AY:$AY)*$H19/100,0) -> 0 | BI19: =IFERROR(_xlfn.XLOOKUP($F19,'FCDB 2017 (full)'!$C:$C,'FCDB 2017 (full)'!$AZ:$AZ)*$H19/100,0) -> 0 | BJ19: =IFERROR(_xlfn.XLOOKUP($F19,'FCDB 2017 (full)'!$C:$C,'FCDB 2017 (full)'!$BA:$BA)*$H19/100,0) -> 0 | BK19: =IFERROR(_xlfn.XLOOKUP($F19,'FCDB 2017 (full)'!$C:$C,'FCDB 2017 (full)'!$BB:$BB)*$H19/100,0) -> 0 | BL19: =IFERROR(_xlfn.XLOOKUP($F19,'FCDB 2017 (full)'!$C:$C,'FCDB 2017 (full)'!$BC:$BC)*$H19/100,0) -> 0 | BM19: =IFERROR(_xlfn.XLOOKUP($F19,'FCDB 2017 (full)'!$C:$C,'FCDB 2017 (full)'!$BD:$BD)*$H19/100,0) -> 0 | BN19: =IFERROR(_xlfn.XLOOKUP($F19,'FCDB 2017 (full)'!$C:$C,'FCDB 2017 (full)'!$BE:$BE)*$H19/100,0) -> 0 | BO19: =IFERROR(_xlfn.XLOOKUP($F19,'FCDB 2017 (full)'!$C:$C,'FCDB 2017 (full)'!$BF:$BF)*$H19/100,0) -> 0 | BP19: =IFERROR(_xlfn.XLOOKUP($F19,'FCDB 2017 (full)'!$C:$C,'FCDB 2017 (full)'!$BG:$BG)*$H19/100,0) -> 0 | BQ19: =IFERROR(_xlfn.XLOOKUP($F19,'FCDB 2017 (full)'!$C:$C,'FCDB 2017 (full)'!$BH:$BH)*$H19/100,0) -> 0 | BR19: =IFERROR(_xlfn.XLOOKUP($F19,'FCDB 2017 (full)'!$C:$C,'FCDB 2017 (full)'!$BI:$BI)*$H19/100,0) -> 0 | BS19: =IFERROR(_xlfn.XLOOKUP($F19,'FCDB 2017 (full)'!$C:$C,'FCDB 2017 (full)'!$BJ:$BJ)*$H19/100,0) -> 0 | BT19: =IFERROR(_xlfn.XLOOKUP($F19,'FCDB 2017 (full)'!$C:$C,'FCDB 2017 (full)'!$BK:$BK)*$H19/100,0) -> 0 | BU19: =IFERROR(_xlfn.XLOOKUP($F19,'FCDB 2017 (full)'!$C:$C,'FCDB 2017 (full)'!$BL:$BL)*$H19/100,0) -> 0 | BV19: =IFERROR(_xlfn.XLOOKUP($F19,'FCDB 2017 (full)'!$C:$C,'FCDB 2017 (full)'!$BM:$BM)*$H19/100,0) -> 0 | BW19: =IFERROR(_xlfn.XLOOKUP($F19,'FCDB 2017 (full)'!$C:$C,'FCDB 2017 (full)'!$BN:$BN)*$H19/100,0) -> 0 | BX19: =IFERROR(_xlfn.XLOOKUP($F19,'FCDB 2017 (full)'!$C:$C,'FCDB 2017 (full)'!$BO:$BO)*$H19/100,0) -> 0 | BY19: =IFERROR(_xlfn.XLOOKUP($F19,'FCDB 2017 (full)'!$C:$C,'FCDB 2017 (full)'!$BP:$BP)*$H19/100,0) -> 0 | BZ19: =IFERROR(_xlfn.XLOOKUP($F19,'FCDB 2017 (full)'!$C:$C,'FCDB 2017 (full)'!$BQ:$BQ)*$H19/100,0) -> 0 | CA19: =IFERROR(_xlfn.XLOOKUP($F19,'FCDB 2017 (full)'!$C:$C,'FCDB 2017 (full)'!$BR:$BR)*$H19/100,0) -> 0 | CB19: =IFERROR(_xlfn.XLOOKUP($F19,'FCDB 2017 (full)'!$C:$C,'FCDB 2017 (full)'!$BS:$BS)*$H19/100,0) -> 0 | CC19: =IFERROR(_xlfn.XLOOKUP($F19,'FCDB 2017 (full)'!$C:$C,'FCDB 2017 (full)'!$BT:$BT)*$H19/100,0) -> 0 | CD19: =IFERROR(_xlfn.XLOOKUP($F19,'FCDB 2017 (full)'!$C:$C,'FCDB 2017 (full)'!$BU:$BU)*$H19/100,0) -> 0 | CE19: =IFERROR(_xlfn.XLOOKUP($F19,'FCDB 2017 (full)'!$C:$C,'FCDB 2017 (full)'!$BV:$BV)*$H19/100,0) -> 0 | CF19: =IFERROR(_xlfn.XLOOKUP($F19,'FCDB 2017 (full)'!$C:$C,'FCDB 2017 (full)'!$BW:$BW)*$H19/100,0) -> 0 | CG19: =IFERROR(_xlfn.XLOOKUP($F19,'FCDB 2017 (full)'!$C:$C,'FCDB 2017 (full)'!$BX:$BX)*$H19/100,0) -> 0 | CH19: =IFERROR(_xlfn.XLOOKUP($F19,'FCDB 2017 (full)'!$C:$C,'FCDB 2017 (full)'!$BY:$BY)*$H19/100,0) -> 0 | CI19: =IFERROR(_xlfn.XLOOKUP($F19,'FCDB 2017 (full)'!$C:$C,'FCDB 2017 (full)'!$BZ:$BZ)*$H19/100,0) -> 0 | CJ19: =IFERROR(_xlfn.XLOOKUP($F19,'FCDB 2017 (full)'!$C:$C,'FCDB 2017 (full)'!$CA:$CA)*$H19/100,0) -> 0 | CK19: =IFERROR(_xlfn.XLOOKUP($F19,'FCDB 2017 (full)'!$C:$C,'FCDB 2017 (full)'!$CB:$CB)*$H19/100,0) -> 0 | CL19: =IFERROR(_xlfn.XLOOKUP($F19,'FCDB 2017 (full)'!$C:$C,'FCDB 2017 (full)'!$CC:$CC)*$H19/100,0) -> 0 | CM19: =IFERROR(_xlfn.XLOOKUP($F19,'FCDB 2017 (full)'!$C:$C,'FCDB 2017 (full)'!$CD:$CD)*$H19/100,0) -> 0 | CN19: =IFERROR(_xlfn.XLOOKUP($F19,'FCDB 2017 (full)'!$C:$C,'FCDB 2017 (full)'!$CE:$CE)*$H19/100,0) -> 0 | CO19: =IFERROR(_xlfn.XLOOKUP($F19,'FCDB 2017 (full)'!$C:$C,'FCDB 2017 (full)'!$CF:$CF)*$H19/100,0) -> 0 | CP19: =IFERROR(_xlfn.XLOOKUP($F19,'FCDB 2017 (full)'!$C:$C,'FCDB 2017 (full)'!$CG:$CG)*$H19/100,0) -> 0 | CQ19: =IFERROR(_xlfn.XLOOKUP($F19,'FCDB 2017 (full)'!$C:$C,'FCDB 2017 (full)'!$CH:$CH)*$H19/100,0) -> 0 | DA19: SÁNG
F20: =IFERROR(VLOOKUP($D$9,$D:$AE,7,0),0) -> Cải xanh | G20: {=IF(F20=0,0,IF(_xlfn.XLOOKUP(F20,$E$9:$AE$9,$E$10:$AE$10)=0,"Nhập ĐV/TV",_xlfn.XLOOKUP(F20,$E$9:$AE$9,$E$10:$AE$10)))} -> #NAME? | H20: {=IFERROR(INDEX($E$11:$AE$11,MATCH(F20,$E$9:$AE$9,0)),0)} -> 40 | I20: =IFERROR(_xlfn.XLOOKUP($F20,'FCDB 2017 (full)'!$C:$C,'FCDB 2017 (full)'!$E:$E),0) -> 0 | J20: =$H20*I20/100 -> 0 | K20: =IFERROR(_xlfn.XLOOKUP($F20,'FCDB 2017 (full)'!$C:$C,'FCDB 2017 (full)'!$G:$G),0) -> 0 | L20: =IF($G20=L$15,$H20*$K20/100,0) -> #NAME? | M20: =IF($G20=M$15,$H20*$K20/100,0) -> #NAME? | N20: =IFERROR(_xlfn.XLOOKUP($F20,'FCDB 2017 (full)'!$C:$C,'FCDB 2017 (full)'!$H:$H),0) -> 0 | O20: =IF($G20=O$15,$H20*$N20/100,0) -> #NAME? | P20: =IF($G20=P$15,$H20*$N20/100,0) -> #NAME? | Q20: =IFERROR(_xlfn.XLOOKUP($F20,'FCDB 2017 (full)'!$C:$C,'FCDB 2017 (full)'!$I:$I),0) -> 0 | R20: =$H20*Q20/100 -> 0 | S20: =IFERROR(_xlfn.XLOOKUP($F20,'FCDB 2017 (full)'!$C:$C,'FCDB 2017 (full)'!$J:$J)*$H20/100,0) -> 0 | T20: =IFERROR(_xlfn.XLOOKUP($F20,'FCDB 2017 (full)'!$C:$C,'FCDB 2017 (full)'!$K:$K)*$H20/100,0) -> 0 | U20: =IFERROR(_xlfn.XLOOKUP($F20,'FCDB 2017 (full)'!$C:$C,'FCDB 2017 (full)'!$L:$L)*$H20/100,0) -> 0 | V20: =IFERROR(_xlfn.XLOOKUP($F20,'FCDB 2017 (full)'!$C:$C,'FCDB 2017 (full)'!$M:$M)*$H20/100,0) -> 0 | W20: =IFERROR(_xlfn.XLOOKUP($F20,'FCDB 2017 (full)'!$C:$C,'FCDB 2017 (full)'!$N:$N)*$H20/100,0) -> 0 | X20: =IFERROR(_xlfn.XLOOKUP($F20,'FCDB 2017 (full)'!$C:$C,'FCDB 2017 (full)'!$O:$O)*$H20/100,0) -> 0 | Y20: =IFERROR(_xlfn.XLOOKUP($F20,'FCDB 2017 (full)'!$C:$C,'FCDB 2017 (full)'!$P:$P)*$H20/100,0) -> 0 | Z20: =IFERROR(_xlfn.XLOOKUP($F20,'FCDB 2017 (full)'!$C:$C,'FCDB 2017 (full)'!$Q:$Q)*$H20/100,0) -> 0 | AA20: =IFERROR(_xlfn.XLOOKUP($F20,'FCDB 2017 (full)'!$C:$C,'FCDB 2017 (full)'!$R:$R)*$H20/100,0) -> 0 | AB20: =IFERROR(_xlfn.XLOOKUP($F20,'FCDB 2017 (full)'!$C:$C,'FCDB 2017 (full)'!$S:$S)*$H20/100,0) -> 0 | AC20: =IFERROR(_xlfn.XLOOKUP($F20,'FCDB 2017 (full)'!$C:$C,'FCDB 2017 (full)'!$T:$T)*$H20/100,0) -> 0 | AD20: =IFERROR(_xlfn.XLOOKUP($F20,'FCDB 2017 (full)'!$C:$C,'FCDB 2017 (full)'!$U:$U)*$H20/100,0) -> 0 | AE20: =IFERROR(_xlfn.XLOOKUP($F20,'FCDB 2017 (full)'!$C:$C,'FCDB 2017 (full)'!$V:$V)*$H20/100,0) -> 0 | AF20: =IFERROR(_xlfn.XLOOKUP($F20,'FCDB 2017 (full)'!$C:$C,'FCDB 2017 (full)'!$W:$W)*$H20/100,0) -> 0 | AG20: =IFERROR(_xlfn.XLOOKUP($F20,'FCDB 2017 (full)'!$C:$C,'FCDB 2017 (full)'!$X:$X)*$H20/100,0) -> 0 | AH20: =IFERROR(_xlfn.XLOOKUP($F20,'FCDB 2017 (full)'!$C:$C,'FCDB 2017 (full)'!$Y:$Y)*$H20/100,0) -> 0 | AI20: =IFERROR(_xlfn.XLOOKUP($F20,'FCDB 2017 (full)'!$C:$C,'FCDB 2017 (full)'!$Z:$Z)*$H20/100,0) -> 0 | AJ20: =IFERROR(_xlfn.XLOOKUP($F20,'FCDB 2017 (full)'!$C:$C,'FCDB 2017 (full)'!$AA:$AA)*$H20/100,0) -> 0 | AK20: =IFERROR(_xlfn.XLOOKUP($F20,'FCDB 2017 (full)'!$C:$C,'FCDB 2017 (full)'!$AB:$AB)*$H20/100,0) -> 0 | AL20: =IFERROR(_xlfn.XLOOKUP($F20,'FCDB 2017 (full)'!$C:$C,'FCDB 2017 (full)'!$AC:$AC)*$H20/100,0) -> 0 | AM20: =IFERROR(_xlfn.XLOOKUP($F20,'FCDB 2017 (full)'!$C:$C,'FCDB 2017 (full)'!$AD:$AD)*$H20/100,0) -> 0 | AN20: =IFERROR(_xlfn.XLOOKUP($F20,'FCDB 2017 (full)'!$C:$C,'FCDB 2017 (full)'!$AE:$AE)*$H20/100,0) -> 0 | AO20: =IFERROR(_xlfn.XLOOKUP($F20,'FCDB 2017 (full)'!$C:$C,'FCDB 2017 (full)'!$AF:$AF)*$H20/100,0) -> 0 | AP20: =IFERROR(_xlfn.XLOOKUP($F20,'FCDB 2017 (full)'!$C:$C,'FCDB 2017 (full)'!$AG:$AG)*$H20/100,0) -> 0 | AQ20: =IFERROR(_xlfn.XLOOKUP($F20,'FCDB 2017 (full)'!$C:$C,'FCDB 2017 (full)'!$AH:$AH)*$H20/100,0) -> 0 | AR20: =IFERROR(_xlfn.XLOOKUP($F20,'FCDB 2017 (full)'!$C:$C,'FCDB 2017 (full)'!$AI:$AI)*$H20/100,0) -> 0 | AS20: =IFERROR(_xlfn.XLOOKUP($F20,'FCDB 2017 (full)'!$C:$C,'FCDB 2017 (full)'!$AJ:$AJ)*$H20/100,0) -> 0 | AT20: =IFERROR(_xlfn.XLOOKUP($F20,'FCDB 2017 (full)'!$C:$C,'FCDB 2017 (full)'!$AK:$AK)*$H20/100,0) -> 0 | AU20: =IFERROR(_xlfn.XLOOKUP($F20,'FCDB 2017 (full)'!$C:$C,'FCDB 2017 (full)'!$AK:$AK)*$H20/100,0) -> 0 | AV20: =IFERROR(_xlfn.XLOOKUP($F20,'FCDB 2017 (full)'!$C:$C,'FCDB 2017 (full)'!$AM:$AM)*$H20/100,0) -> 0 | AW20: =IFERROR(_xlfn.XLOOKUP($F20,'FCDB 2017 (full)'!$C:$C,'FCDB 2017 (full)'!$AN:$AN)*$H20/100,0) -> 0 | AX20: =IFERROR(_xlfn.XLOOKUP($F20,'FCDB 2017 (full)'!$C:$C,'FCDB 2017 (full)'!$AO:$AO)*$H20/100,0) -> 0 | AY20: =IFERROR(_xlfn.XLOOKUP($F20,'FCDB 2017 (full)'!$C:$C,'FCDB 2017 (full)'!$AP:$AP)*$H20/100,0) -> 0 | AZ20: =IFERROR(_xlfn.XLOOKUP($F20,'FCDB 2017 (full)'!$C:$C,'FCDB 2017 (full)'!$AQ:$AQ)*$H20/100,0) -> 0 | BA20: =IFERROR(_xlfn.XLOOKUP($F20,'FCDB 2017 (full)'!$C:$C,'FCDB 2017 (full)'!$AR:$AR)*$H20/100,0) -> 0 | BB20: =IFERROR(_xlfn.XLOOKUP($F20,'FCDB 2017 (full)'!$C:$C,'FCDB 2017 (full)'!$AS:$AS)*$H20/100,0) -> 0 | BC20: =IFERROR(_xlfn.XLOOKUP($F20,'FCDB 2017 (full)'!$C:$C,'FCDB 2017 (full)'!$AT:$AT)*$H20/100,0) -> 0 | BD20: =IFERROR(_xlfn.XLOOKUP($F20,'FCDB 2017 (full)'!$C:$C,'FCDB 2017 (full)'!$AU:$AU)*$H20/100,0) -> 0 | BE20: =IFERROR(_xlfn.XLOOKUP($F20,'FCDB 2017 (full)'!$C:$C,'FCDB 2017 (full)'!$AV:$AV)*$H20/100,0) -> 0 | BF20: =IFERROR(_xlfn.XLOOKUP($F20,'FCDB 2017 (full)'!$C:$C,'FCDB 2017 (full)'!$AW:$AW)*$H20/100,0) -> 0 | BG20: =IFERROR(_xlfn.XLOOKUP($F20,'FCDB 2017 (full)'!$C:$C,'FCDB 2017 (full)'!$AX:$AX)*$H20/100,0) -> 0 | BH20: =IFERROR(_xlfn.XLOOKUP($F20,'FCDB 2017 (full)'!$C:$C,'FCDB 2017 (full)'!$AY:$AY)*$H20/100,0) -> 0 | BI20: =IFERROR(_xlfn.XLOOKUP($F20,'FCDB 2017 (full)'!$C:$C,'FCDB 2017 (full)'!$AZ:$AZ)*$H20/100,0) -> 0 | BJ20: =IFERROR(_xlfn.XLOOKUP($F20,'FCDB 2017 (full)'!$C:$C,'FCDB 2017 (full)'!$BA:$BA)*$H20/100,0) -> 0 | BK20: =IFERROR(_xlfn.XLOOKUP($F20,'FCDB 2017 (full)'!$C:$C,'FCDB 2017 (full)'!$BB:$BB)*$H20/100,0) -> 0 | BL20: =IFERROR(_xlfn.XLOOKUP($F20,'FCDB 2017 (full)'!$C:$C,'FCDB 2017 (full)'!$BC:$BC)*$H20/100,0) -> 0 | BM20: =IFERROR(_xlfn.XLOOKUP($F20,'FCDB 2017 (full)'!$C:$C,'FCDB 2017 (full)'!$BD:$BD)*$H20/100,0) -> 0 | BN20: =IFERROR(_xlfn.XLOOKUP($F20,'FCDB 2017 (full)'!$C:$C,'FCDB 2017 (full)'!$BE:$BE)*$H20/100,0) -> 0 | BO20: =IFERROR(_xlfn.XLOOKUP($F20,'FCDB 2017 (full)'!$C:$C,'FCDB 2017 (full)'!$BF:$BF)*$H20/100,0) -> 0 | BP20: =IFERROR(_xlfn.XLOOKUP($F20,'FCDB 2017 (full)'!$C:$C,'FCDB 2017 (full)'!$BG:$BG)*$H20/100,0) -> 0 | BQ20: =IFERROR(_xlfn.XLOOKUP($F20,'FCDB 2017 (full)'!$C:$C,'FCDB 2017 (full)'!$BH:$BH)*$H20/100,0) -> 0 | BR20: =IFERROR(_xlfn.XLOOKUP($F20,'FCDB 2017 (full)'!$C:$C,'FCDB 2017 (full)'!$BI:$BI)*$H20/100,0) -> 0 | BS20: =IFERROR(_xlfn.XLOOKUP($F20,'FCDB 2017 (full)'!$C:$C,'FCDB 2017 (full)'!$BJ:$BJ)*$H20/100,0) -> 0 | BT20: =IFERROR(_xlfn.XLOOKUP($F20,'FCDB 2017 (full)'!$C:$C,'FCDB 2017 (full)'!$BK:$BK)*$H20/100,0) -> 0 | BU20: =IFERROR(_xlfn.XLOOKUP($F20,'FCDB 2017 (full)'!$C:$C,'FCDB 2017 (full)'!$BL:$BL)*$H20/100,0) -> 0 | BV20: =IFERROR(_xlfn.XLOOKUP($F20,'FCDB 2017 (full)'!$C:$C,'FCDB 2017 (full)'!$BM:$BM)*$H20/100,0) -> 0 | BW20: =IFERROR(_xlfn.XLOOKUP($F20,'FCDB 2017 (full)'!$C:$C,'FCDB 2017 (full)'!$BN:$BN)*$H20/100,0) -> 0 | BX20: =IFERROR(_xlfn.XLOOKUP($F20,'FCDB 2017 (full)'!$C:$C,'FCDB 2017 (full)'!$BO:$BO)*$H20/100,0) -> 0 | BY20: =IFERROR(_xlfn.XLOOKUP($F20,'FCDB 2017 (full)'!$C:$C,'FCDB 2017 (full)'!$BP:$BP)*$H20/100,0) -> 0 | BZ20: =IFERROR(_xlfn.XLOOKUP($F20,'FCDB 2017 (full)'!$C:$C,'FCDB 2017 (full)'!$BQ:$BQ)*$H20/100,0) -> 0 | CA20: =IFERROR(_xlfn.XLOOKUP($F20,'FCDB 2017 (full)'!$C:$C,'FCDB 2017 (full)'!$BR:$BR)*$H20/100,0) -> 0 | CB20: =IFERROR(_xlfn.XLOOKUP($F20,'FCDB 2017 (full)'!$C:$C,'FCDB 2017 (full)'!$BS:$BS)*$H20/100,0) -> 0 | CC20: =IFERROR(_xlfn.XLOOKUP($F20,'FCDB 2017 (full)'!$C:$C,'FCDB 2017 (full)'!$BT:$BT)*$H20/100,0) -> 0 | CD20: =IFERROR(_xlfn.XLOOKUP($F20,'FCDB 2017 (full)'!$C:$C,'FCDB 2017 (full)'!$BU:$BU)*$H20/100,0) -> 0 | CE20: =IFERROR(_xlfn.XLOOKUP($F20,'FCDB 2017 (full)'!$C:$C,'FCDB 2017 (full)'!$BV:$BV)*$H20/100,0) -> 0 | CF20: =IFERROR(_xlfn.XLOOKUP($F20,'FCDB 2017 (full)'!$C:$C,'FCDB 2017 (full)'!$BW:$BW)*$H20/100,0) -> 0 | CG20: =IFERROR(_xlfn.XLOOKUP($F20,'FCDB 2017 (full)'!$C:$C,'FCDB 2017 (full)'!$BX:$BX)*$H20/100,0) -> 0 | CH20: =IFERROR(_xlfn.XLOOKUP($F20,'FCDB 2017 (full)'!$C:$C,'FCDB 2017 (full)'!$BY:$BY)*$H20/100,0) -> 0 | CI20: =IFERROR(_xlfn.XLOOKUP($F20,'FCDB 2017 (full)'!$C:$C,'FCDB 2017 (full)'!$BZ:$BZ)*$H20/100,0) -> 0 | CJ20: =IFERROR(_xlfn.XLOOKUP($F20,'FCDB 2017 (full)'!$C:$C,'FCDB 2017 (full)'!$CA:$CA)*$H20/100,0) -> 0 | CK20: =IFERROR(_xlfn.XLOOKUP($F20,'FCDB 2017 (full)'!$C:$C,'FCDB 2017 (full)'!$CB:$CB)*$H20/100,0) -> 0 | CL20: =IFERROR(_xlfn.XLOOKUP($F20,'FCDB 2017 (full)'!$C:$C,'FCDB 2017 (full)'!$CC:$CC)*$H20/100,0) -> 0 | CM20: =IFERROR(_xlfn.XLOOKUP($F20,'FCDB 2017 (full)'!$C:$C,'FCDB 2017 (full)'!$CD:$CD)*$H20/100,0) -> 0 | CN20: =IFERROR(_xlfn.XLOOKUP($F20,'FCDB 2017 (full)'!$C:$C,'FCDB 2017 (full)'!$CE:$CE)*$H20/100,0) -> 0 | CO20: =IFERROR(_xlfn.XLOOKUP($F20,'FCDB 2017 (full)'!$C:$C,'FCDB 2017 (full)'!$CF:$CF)*$H20/100,0) -> 0 | CP20: =IFERROR(_xlfn.XLOOKUP($F20,'FCDB 2017 (full)'!$C:$C,'FCDB 2017 (full)'!$CG:$CG)*$H20/100,0) -> 0 | CQ20: =IFERROR(_xlfn.XLOOKUP($F20,'FCDB 2017 (full)'!$C:$C,'FCDB 2017 (full)'!$CH:$CH)*$H20/100,0) -> 0 | DA20: SÁNG
F21: =IFERROR(VLOOKUP($D$9,$D:$AE,9,0),0) -> Thìa là | G21: {=IF(F21=0,0,IF(_xlfn.XLOOKUP(F21,$E$9:$AE$9,$E$10:$AE$10)=0,"Nhập ĐV/TV",_xlfn.XLOOKUP(F21,$E$9:$AE$9,$E$10:$AE$10)))} -> #NAME? | H21: {=IFERROR(INDEX($E$11:$AE$11,MATCH(F21,$E$9:$AE$9,0)),0)} -> 10 | I21: =IFERROR(_xlfn.XLOOKUP($F21,'FCDB 2017 (full)'!$C:$C,'FCDB 2017 (full)'!$E:$E),0) -> 0 | J21: =$H21*I21/100 -> 0 | K21: =IFERROR(_xlfn.XLOOKUP($F21,'FCDB 2017 (full)'!$C:$C,'FCDB 2017 (full)'!$G:$G),0) -> 0 | L21: =IF($G21=L$15,$H21*$K21/100,0) -> #NAME? | M21: =IF($G21=M$15,$H21*$K21/100,0) -> #NAME? | N21: =IFERROR(_xlfn.XLOOKUP($F21,'FCDB 2017 (full)'!$C:$C,'FCDB 2017 (full)'!$H:$H),0) -> 0 | O21: =IF($G21=O$15,$H21*$N21/100,0) -> #NAME? | P21: =IF($G21=P$15,$H21*$N21/100,0) -> #NAME? | Q21: =IFERROR(_xlfn.XLOOKUP($F21,'FCDB 2017 (full)'!$C:$C,'FCDB 2017 (full)'!$I:$I),0) -> 0 | R21: =$H21*Q21/100 -> 0 | S21: =IFERROR(_xlfn.XLOOKUP($F21,'FCDB 2017 (full)'!$C:$C,'FCDB 2017 (full)'!$J:$J)*$H21/100,0) -> 0 | T21: =IFERROR(_xlfn.XLOOKUP($F21,'FCDB 2017 (full)'!$C:$C,'FCDB 2017 (full)'!$K:$K)*$H21/100,0) -> 0 | U21: =IFERROR(_xlfn.XLOOKUP($F21,'FCDB 2017 (full)'!$C:$C,'FCDB 2017 (full)'!$L:$L)*$H21/100,0) -> 0 | V21: =IFERROR(_xlfn.XLOOKUP($F21,'FCDB 2017 (full)'!$C:$C,'FCDB 2017 (full)'!$M:$M)*$H21/100,0) -> 0 | W21: =IFERROR(_xlfn.XLOOKUP($F21,'FCDB 2017 (full)'!$C:$C,'FCDB 2017 (full)'!$N:$N)*$H21/100,0) -> 0 | X21: =IFERROR(_xlfn.XLOOKUP($F21,'FCDB 2017 (full)'!$C:$C,'FCDB 2017 (full)'!$O:$O)*$H21/100,0) -> 0 | Y21: =IFERROR(_xlfn.XLOOKUP($F21,'FCDB 2017 (full)'!$C:$C,'FCDB 2017 (full)'!$P:$P)*$H21/100,0) -> 0 | Z21: =IFERROR(_xlfn.XLOOKUP($F21,'FCDB 2017 (full)'!$C:$C,'FCDB 2017 (full)'!$Q:$Q)*$H21/100,0) -> 0 | AA21: =IFERROR(_xlfn.XLOOKUP($F21,'FCDB 2017 (full)'!$C:$C,'FCDB 2017 (full)'!$R:$R)*$H21/100,0) -> 0 | AB21: =IFERROR(_xlfn.XLOOKUP($F21,'FCDB 2017 (full)'!$C:$C,'FCDB 2017 (full)'!$S:$S)*$H21/100,0) -> 0 | AC21: =IFERROR(_xlfn.XLOOKUP($F21,'FCDB 2017 (full)'!$C:$C,'FCDB 2017 (full)'!$T:$T)*$H21/100,0) -> 0 | AD21: =IFERROR(_xlfn.XLOOKUP($F21,'FCDB 2017 (full)'!$C:$C,'FCDB 2017 (full)'!$U:$U)*$H21/100,0) -> 0 | AE21: =IFERROR(_xlfn.XLOOKUP($F21,'FCDB 2017 (full)'!$C:$C,'FCDB 2017 (full)'!$V:$V)*$H21/100,0) -> 0 | AF21: =IFERROR(_xlfn.XLOOKUP($F21,'FCDB 2017 (full)'!$C:$C,'FCDB 2017 (full)'!$W:$W)*$H21/100,0) -> 0 | AG21: =IFERROR(_xlfn.XLOOKUP($F21,'FCDB 2017 (full)'!$C:$C,'FCDB 2017 (full)'!$X:$X)*$H21/100,0) -> 0 | AH21: =IFERROR(_xlfn.XLOOKUP($F21,'FCDB 2017 (full)'!$C:$C,'FCDB 2017 (full)'!$Y:$Y)*$H21/100,0) -> 0 | AI21: =IFERROR(_xlfn.XLOOKUP($F21,'FCDB 2017 (full)'!$C:$C,'FCDB 2017 (full)'!$Z:$Z)*$H21/100,0) -> 0 | AJ21: =IFERROR(_xlfn.XLOOKUP($F21,'FCDB 2017 (full)'!$C:$C,'FCDB 2017 (full)'!$AA:$AA)*$H21/100,0) -> 0 | AK21: =IFERROR(_xlfn.XLOOKUP($F21,'FCDB 2017 (full)'!$C:$C,'FCDB 2017 (full)'!$AB:$AB)*$H21/100,0) -> 0 | AL21: =IFERROR(_xlfn.XLOOKUP($F21,'FCDB 2017 (full)'!$C:$C,'FCDB 2017 (full)'!$AC:$AC)*$H21/100,0) -> 0 | AM21: =IFERROR(_xlfn.XLOOKUP($F21,'FCDB 2017 (full)'!$C:$C,'FCDB 2017 (full)'!$AD:$AD)*$H21/100,0) -> 0 | AN21: =IFERROR(_xlfn.XLOOKUP($F21,'FCDB 2017 (full)'!$C:$C,'FCDB 2017 (full)'!$AE:$AE)*$H21/100,0) -> 0 | AO21: =IFERROR(_xlfn.XLOOKUP($F21,'FCDB 2017 (full)'!$C:$C,'FCDB 2017 (full)'!$AF:$AF)*$H21/100,0) -> 0 | AP21: =IFERROR(_xlfn.XLOOKUP($F21,'FCDB 2017 (full)'!$C:$C,'FCDB 2017 (full)'!$AG:$AG)*$H21/100,0) -> 0 | AQ21: =IFERROR(_xlfn.XLOOKUP($F21,'FCDB 2017 (full)'!$C:$C,'FCDB 2017 (full)'!$AH:$AH)*$H21/100,0) -> 0 | AR21: =IFERROR(_xlfn.XLOOKUP($F21,'FCDB 2017 (full)'!$C:$C,'FCDB 2017 (full)'!$AI:$AI)*$H21/100,0) -> 0 | AS21: =IFERROR(_xlfn.XLOOKUP($F21,'FCDB 2017 (full)'!$C:$C,'FCDB 2017 (full)'!$AJ:$AJ)*$H21/100,0) -> 0 | AT21: =IFERROR(_xlfn.XLOOKUP($F21,'FCDB 2017 (full)'!$C:$C,'FCDB 2017 (full)'!$AK:$AK)*$H21/100,0) -> 0 | AU21: =IFERROR(_xlfn.XLOOKUP($F21,'FCDB 2017 (full)'!$C:$C,'FCDB 2017 (full)'!$AK:$AK)*$H21/100,0) -> 0 | AV21: =IFERROR(_xlfn.XLOOKUP($F21,'FCDB 2017 (full)'!$C:$C,'FCDB 2017 (full)'!$AM:$AM)*$H21/100,0) -> 0 | AW21: =IFERROR(_xlfn.XLOOKUP($F21,'FCDB 2017 (full)'!$C:$C,'FCDB 2017 (full)'!$AN:$AN)*$H21/100,0) -> 0 | AX21: =IFERROR(_xlfn.XLOOKUP($F21,'FCDB 2017 (full)'!$C:$C,'FCDB 2017 (full)'!$AO:$AO)*$H21/100,0) -> 0 | AY21: =IFERROR(_xlfn.XLOOKUP($F21,'FCDB 2017 (full)'!$C:$C,'FCDB 2017 (full)'!$AP:$AP)*$H21/100,0) -> 0 | AZ21: =IFERROR(_xlfn.XLOOKUP($F21,'FCDB 2017 (full)'!$C:$C,'FCDB 2017 (full)'!$AQ:$AQ)*$H21/100,0) -> 0 | BA21: =IFERROR(_xlfn.XLOOKUP($F21,'FCDB 2017 (full)'!$C:$C,'FCDB 2017 (full)'!$AR:$AR)*$H21/100,0) -> 0 | BB21: =IFERROR(_xlfn.XLOOKUP($F21,'FCDB 2017 (full)'!$C:$C,'FCDB 2017 (full)'!$AS:$AS)*$H21/100,0) -> 0 | BC21: =IFERROR(_xlfn.XLOOKUP($F21,'FCDB 2017 (full)'!$C:$C,'FCDB 2017 (full)'!$AT:$AT)*$H21/100,0) -> 0 | BD21: =IFERROR(_xlfn.XLOOKUP($F21,'FCDB 2017 (full)'!$C:$C,'FCDB 2017 (full)'!$AU:$AU)*$H21/100,0) -> 0 | BE21: =IFERROR(_xlfn.XLOOKUP($F21,'FCDB 2017 (full)'!$C:$C,'FCDB 2017 (full)'!$AV:$AV)*$H21/100,0) -> 0 | BF21: =IFERROR(_xlfn.XLOOKUP($F21,'FCDB 2017 (full)'!$C:$C,'FCDB 2017 (full)'!$AW:$AW)*$H21/100,0) -> 0 | BG21: =IFERROR(_xlfn.XLOOKUP($F21,'FCDB 2017 (full)'!$C:$C,'FCDB 2017 (full)'!$AX:$AX)*$H21/100,0) -> 0 | BH21: =IFERROR(_xlfn.XLOOKUP($F21,'FCDB 2017 (full)'!$C:$C,'FCDB 2017 (full)'!$AY:$AY)*$H21/100,0) -> 0 | BI21: =IFERROR(_xlfn.XLOOKUP($F21,'FCDB 2017 (full)'!$C:$C,'FCDB 2017 (full)'!$AZ:$AZ)*$H21/100,0) -> 0 | BJ21: =IFERROR(_xlfn.XLOOKUP($F21,'FCDB 2017 (full)'!$C:$C,'FCDB 2017 (full)'!$BA:$BA)*$H21/100,0) -> 0 | BK21: =IFERROR(_xlfn.XLOOKUP($F21,'FCDB 2017 (full)'!$C:$C,'FCDB 2017 (full)'!$BB:$BB)*$H21/100,0) -> 0 | BL21: =IFERROR(_xlfn.XLOOKUP($F21,'FCDB 2017 (full)'!$C:$C,'FCDB 2017 (full)'!$BC:$BC)*$H21/100,0) -> 0 | BM21: =IFERROR(_xlfn.XLOOKUP($F21,'FCDB 2017 (full)'!$C:$C,'FCDB 2017 (full)'!$BD:$BD)*$H21/100,0) -> 0 | BN21: =IFERROR(_xlfn.XLOOKUP($F21,'FCDB 2017 (full)'!$C:$C,'FCDB 2017 (full)'!$BE:$BE)*$H21/100,0) -> 0 | BO21: =IFERROR(_xlfn.XLOOKUP($F21,'FCDB 2017 (full)'!$C:$C,'FCDB 2017 (full)'!$BF:$BF)*$H21/100,0) -> 0 | BP21: =IFERROR(_xlfn.XLOOKUP($F21,'FCDB 2017 (full)'!$C:$C,'FCDB 2017 (full)'!$BG:$BG)*$H21/100,0) -> 0 | BQ21: =IFERROR(_xlfn.XLOOKUP($F21,'FCDB 2017 (full)'!$C:$C,'FCDB 2017 (full)'!$BH:$BH)*$H21/100,0) -> 0 | BR21: =IFERROR(_xlfn.XLOOKUP($F21,'FCDB 2017 (full)'!$C:$C,'FCDB 2017 (full)'!$BI:$BI)*$H21/100,0) -> 0 | BS21: =IFERROR(_xlfn.XLOOKUP($F21,'FCDB 2017 (full)'!$C:$C,'FCDB 2017 (full)'!$BJ:$BJ)*$H21/100,0) -> 0 | BT21: =IFERROR(_xlfn.XLOOKUP($F21,'FCDB 2017 (full)'!$C:$C,'FCDB 2017 (full)'!$BK:$BK)*$H21/100,0) -> 0 | BU21: =IFERROR(_xlfn.XLOOKUP($F21,'FCDB 2017 (full)'!$C:$C,'FCDB 2017 (full)'!$BL:$BL)*$H21/100,0) -> 0 | BV21: =IFERROR(_xlfn.XLOOKUP($F21,'FCDB 2017 (full)'!$C:$C,'FCDB 2017 (full)'!$BM:$BM)*$H21/100,0) -> 0 | BW21: =IFERROR(_xlfn.XLOOKUP($F21,'FCDB 2017 (full)'!$C:$C,'FCDB 2017 (full)'!$BN:$BN)*$H21/100,0) -> 0 | BX21: =IFERROR(_xlfn.XLOOKUP($F21,'FCDB 2017 (full)'!$C:$C,'FCDB 2017 (full)'!$BO:$BO)*$H21/100,0) -> 0 | BY21: =IFERROR(_xlfn.XLOOKUP($F21,'FCDB 2017 (full)'!$C:$C,'FCDB 2017 (full)'!$BP:$BP)*$H21/100,0) -> 0 | BZ21: =IFERROR(_xlfn.XLOOKUP($F21,'FCDB 2017 (full)'!$C:$C,'FCDB 2017 (full)'!$BQ:$BQ)*$H21/100,0) -> 0 | CA21: =IFERROR(_xlfn.XLOOKUP($F21,'FCDB 2017 (full)'!$C:$C,'FCDB 2017 (full)'!$BR:$BR)*$H21/100,0) -> 0 | CB21: =IFERROR(_xlfn.XLOOKUP($F21,'FCDB 2017 (full)'!$C:$C,'FCDB 2017 (full)'!$BS:$BS)*$H21/100,0) -> 0 | CC21: =IFERROR(_xlfn.XLOOKUP($F21,'FCDB 2017 (full)'!$C:$C,'FCDB 2017 (full)'!$BT:$BT)*$H21/100,0) -> 0 | CD21: =IFERROR(_xlfn.XLOOKUP($F21,'FCDB 2017 (full)'!$C:$C,'FCDB 2017 (full)'!$BU:$BU)*$H21/100,0) -> 0 | CE21: =IFERROR(_xlfn.XLOOKUP($F21,'FCDB 2017 (full)'!$C:$C,'FCDB 2017 (full)'!$BV:$BV)*$H21/100,0) -> 0 | CF21: =IFERROR(_xlfn.XLOOKUP($F21,'FCDB 2017 (full)'!$C:$C,'FCDB 2017 (full)'!$BW:$BW)*$H21/100,0) -> 0 | CG21: =IFERROR(_xlfn.XLOOKUP($F21,'FCDB 2017 (full)'!$C:$C,'FCDB 2017 (full)'!$BX:$BX)*$H21/100,0) -> 0 | CH21: =IFERROR(_xlfn.XLOOKUP($F21,'FCDB 2017 (full)'!$C:$C,'FCDB 2017 (full)'!$BY:$BY)*$H21/100,0) -> 0 | CI21: =IFERROR(_xlfn.XLOOKUP($F21,'FCDB 2017 (full)'!$C:$C,'FCDB 2017 (full)'!$BZ:$BZ)*$H21/100,0) -> 0 | CJ21: =IFERROR(_xlfn.XLOOKUP($F21,'FCDB 2017 (full)'!$C:$C,'FCDB 2017 (full)'!$CA:$CA)*$H21/100,0) -> 0 | CK21: =IFERROR(_xlfn.XLOOKUP($F21,'FCDB 2017 (full)'!$C:$C,'FCDB 2017 (full)'!$CB:$CB)*$H21/100,0) -> 0 | CL21: =IFERROR(_xlfn.XLOOKUP($F21,'FCDB 2017 (full)'!$C:$C,'FCDB 2017 (full)'!$CC:$CC)*$H21/100,0) -> 0 | CM21: =IFERROR(_xlfn.XLOOKUP($F21,'FCDB 2017 (full)'!$C:$C,'FCDB 2017 (full)'!$CD:$CD)*$H21/100,0) -> 0 | CN21: =IFERROR(_xlfn.XLOOKUP($F21,'FCDB 2017 (full)'!$C:$C,'FCDB 2017 (full)'!$CE:$CE)*$H21/100,0) -> 0 | CO21: =IFERROR(_xlfn.XLOOKUP($F21,'FCDB 2017 (full)'!$C:$C,'FCDB 2017 (full)'!$CF:$CF)*$H21/100,0) -> 0 | CP21: =IFERROR(_xlfn.XLOOKUP($F21,'FCDB 2017 (full)'!$C:$C,'FCDB 2017 (full)'!$CG:$CG)*$H21/100,0) -> 0 | CQ21: =IFERROR(_xlfn.XLOOKUP($F21,'FCDB 2017 (full)'!$C:$C,'FCDB 2017 (full)'!$CH:$CH)*$H21/100,0) -> 0 | DA21: SÁNG
F22: =IFERROR(VLOOKUP($D$9,$D:$AE,10,0),0) -> Giá đậu xanh | G22: {=IF(F22=0,0,IF(_xlfn.XLOOKUP(F22,$E$9:$AE$9,$E$10:$AE$10)=0,"Nhập ĐV/TV",_xlfn.XLOOKUP(F22,$E$9:$AE$9,$E$10:$AE$10)))} -> #NAME? | H22: {=IFERROR(INDEX($E$11:$AE$11,MATCH(F22,$E$9:$AE$9,0)),0)} -> 25 | I22: =IFERROR(_xlfn.XLOOKUP($F22,'FCDB 2017 (full)'!$C:$C,'FCDB 2017 (full)'!$E:$E),0) -> 0 | J22: =$H22*I22/100 -> 0 | K22: =IFERROR(_xlfn.XLOOKUP($F22,'FCDB 2017 (full)'!$C:$C,'FCDB 2017 (full)'!$G:$G),0) -> 0 | L22: =IF($G22=L$15,$H22*$K22/100,0) -> #NAME? | M22: =IF($G22=M$15,$H22*$K22/100,0) -> #NAME? | N22: =IFERROR(_xlfn.XLOOKUP($F22,'FCDB 2017 (full)'!$C:$C,'FCDB 2017 (full)'!$H:$H),0) -> 0 | O22: =IF($G22=O$15,$H22*$N22/100,0) -> #NAME? | P22: =IF($G22=P$15,$H22*$N22/100,0) -> #NAME? | Q22: =IFERROR(_xlfn.XLOOKUP($F22,'FCDB 2017 (full)'!$C:$C,'FCDB 2017 (full)'!$I:$I),0) -> 0 | R22: =$H22*Q22/100 -> 0 | S22: =IFERROR(_xlfn.XLOOKUP($F22,'FCDB 2017 (full)'!$C:$C,'FCDB 2017 (full)'!$J:$J)*$H22/100,0) -> 0 | T22: =IFERROR(_xlfn.XLOOKUP($F22,'FCDB 2017 (full)'!$C:$C,'FCDB 2017 (full)'!$K:$K)*$H22/100,0) -> 0 | U22: =IFERROR(_xlfn.XLOOKUP($F22,'FCDB 2017 (full)'!$C:$C,'FCDB 2017 (full)'!$L:$L)*$H22/100,0) -> 0 | V22: =IFERROR(_xlfn.XLOOKUP($F22,'FCDB 2017 (full)'!$C:$C,'FCDB 2017 (full)'!$M:$M)*$H22/100,0) -> 0 | W22: =IFERROR(_xlfn.XLOOKUP($F22,'FCDB 2017 (full)'!$C:$C,'FCDB 2017 (full)'!$N:$N)*$H22/100,0) -> 0 | X22: =IFERROR(_xlfn.XLOOKUP($F22,'FCDB 2017 (full)'!$C:$C,'FCDB 2017 (full)'!$O:$O)*$H22/100,0) -> 0 | Y22: =IFERROR(_xlfn.XLOOKUP($F22,'FCDB 2017 (full)'!$C:$C,'FCDB 2017 (full)'!$P:$P)*$H22/100,0) -> 0 | Z22: =IFERROR(_xlfn.XLOOKUP($F22,'FCDB 2017 (full)'!$C:$C,'FCDB 2017 (full)'!$Q:$Q)*$H22/100,0) -> 0 | AA22: =IFERROR(_xlfn.XLOOKUP($F22,'FCDB 2017 (full)'!$C:$C,'FCDB 2017 (full)'!$R:$R)*$H22/100,0) -> 0 | AB22: =IFERROR(_xlfn.XLOOKUP($F22,'FCDB 2017 (full)'!$C:$C,'FCDB 2017 (full)'!$S:$S)*$H22/100,0) -> 0 | AC22: =IFERROR(_xlfn.XLOOKUP($F22,'FCDB 2017 (full)'!$C:$C,'FCDB 2017 (full)'!$T:$T)*$H22/100,0) -> 0 | AD22: =IFERROR(_xlfn.XLOOKUP($F22,'FCDB 2017 (full)'!$C:$C,'FCDB 2017 (full)'!$U:$U)*$H22/100,0) -> 0 | AE22: =IFERROR(_xlfn.XLOOKUP($F22,'FCDB 2017 (full)'!$C:$C,'FCDB 2017 (full)'!$V:$V)*$H22/100,0) -> 0 | AF22: =IFERROR(_xlfn.XLOOKUP($F22,'FCDB 2017 (full)'!$C:$C,'FCDB 2017 (full)'!$W:$W)*$H22/100,0) -> 0 | AG22: =IFERROR(_xlfn.XLOOKUP($F22,'FCDB 2017 (full)'!$C:$C,'FCDB 2017 (full)'!$X:$X)*$H22/100,0) -> 0 | AH22: =IFERROR(_xlfn.XLOOKUP($F22,'FCDB 2017 (full)'!$C:$C,'FCDB 2017 (full)'!$Y:$Y)*$H22/100,0) -> 0 | AI22: =IFERROR(_xlfn.XLOOKUP($F22,'FCDB 2017 (full)'!$C:$C,'FCDB 2017 (full)'!$Z:$Z)*$H22/100,0) -> 0 | AJ22: =IFERROR(_xlfn.XLOOKUP($F22,'FCDB 2017 (full)'!$C:$C,'FCDB 2017 (full)'!$AA:$AA)*$H22/100,0) -> 0 | AK22: =IFERROR(_xlfn.XLOOKUP($F22,'FCDB 2017 (full)'!$C:$C,'FCDB 2017 (full)'!$AB:$AB)*$H22/100,0) -> 0 | AL22: =IFERROR(_xlfn.XLOOKUP($F22,'FCDB 2017 (full)'!$C:$C,'FCDB 2017 (full)'!$AC:$AC)*$H22/100,0) -> 0 | AM22: =IFERROR(_xlfn.XLOOKUP($F22,'FCDB 2017 (full)'!$C:$C,'FCDB 2017 (full)'!$AD:$AD)*$H22/100,0) -> 0 | AN22: =IFERROR(_xlfn.XLOOKUP($F22,'FCDB 2017 (full)'!$C:$C,'FCDB 2017 (full)'!$AE:$AE)*$H22/100,0) -> 0 | AO22: =IFERROR(_xlfn.XLOOKUP($F22,'FCDB 2017 (full)'!$C:$C,'FCDB 2017 (full)'!$AF:$AF)*$H22/100,0) -> 0 | AP22: =IFERROR(_xlfn.XLOOKUP($F22,'FCDB 2017 (full)'!$C:$C,'FCDB 2017 (full)'!$AG:$AG)*$H22/100,0) -> 0 | AQ22: =IFERROR(_xlfn.XLOOKUP($F22,'FCDB 2017 (full)'!$C:$C,'FCDB 2017 (full)'!$AH:$AH)*$H22/100,0) -> 0 | AR22: =IFERROR(_xlfn.XLOOKUP($F22,'FCDB 2017 (full)'!$C:$C,'FCDB 2017 (full)'!$AI:$AI)*$H22/100,0) -> 0 | AS22: =IFERROR(_xlfn.XLOOKUP($F22,'FCDB 2017 (full)'!$C:$C,'FCDB 2017 (full)'!$AJ:$AJ)*$H22/100,0) -> 0 | AT22: =IFERROR(_xlfn.XLOOKUP($F22,'FCDB 2017 (full)'!$C:$C,'FCDB 2017 (full)'!$AK:$AK)*$H22/100,0) -> 0 | AU22: =IFERROR(_xlfn.XLOOKUP($F22,'FCDB 2017 (full)'!$C:$C,'FCDB 2017 (full)'!$AK:$AK)*$H22/100,0) -> 0 | AV22: =IFERROR(_xlfn.XLOOKUP($F22,'FCDB 2017 (full)'!$C:$C,'FCDB 2017 (full)'!$AM:$AM)*$H22/100,0) -> 0 | AW22: =IFERROR(_xlfn.XLOOKUP($F22,'FCDB 2017 (full)'!$C:$C,'FCDB 2017 (full)'!$AN:$AN)*$H22/100,0) -> 0 | AX22: =IFERROR(_xlfn.XLOOKUP($F22,'FCDB 2017 (full)'!$C:$C,'FCDB 2017 (full)'!$AO:$AO)*$H22/100,0) -> 0 | AY22: =IFERROR(_xlfn.XLOOKUP($F22,'FCDB 2017 (full)'!$C:$C,'FCDB 2017 (full)'!$AP:$AP)*$H22/100,0) -> 0 | AZ22: =IFERROR(_xlfn.XLOOKUP($F22,'FCDB 2017 (full)'!$C:$C,'FCDB 2017 (full)'!$AQ:$AQ)*$H22/100,0) -> 0 | BA22: =IFERROR(_xlfn.XLOOKUP($F22,'FCDB 2017 (full)'!$C:$C,'FCDB 2017 (full)'!$AR:$AR)*$H22/100,0) -> 0 | BB22: =IFERROR(_xlfn.XLOOKUP($F22,'FCDB 2017 (full)'!$C:$C,'FCDB 2017 (full)'!$AS:$AS)*$H22/100,0) -> 0 | BC22: =IFERROR(_xlfn.XLOOKUP($F22,'FCDB 2017 (full)'!$C:$C,'FCDB 2017 (full)'!$AT:$AT)*$H22/100,0) -> 0 | BD22: =IFERROR(_xlfn.XLOOKUP($F22,'FCDB 2017 (full)'!$C:$C,'FCDB 2017 (full)'!$AU:$AU)*$H22/100,0) -> 0 | BE22: =IFERROR(_xlfn.XLOOKUP($F22,'FCDB 2017 (full)'!$C:$C,'FCDB 2017 (full)'!$AV:$AV)*$H22/100,0) -> 0 | BF22: =IFERROR(_xlfn.XLOOKUP($F22,'FCDB 2017 (full)'!$C:$C,'FCDB 2017 (full)'!$AW:$AW)*$H22/100,0) -> 0 | BG22: =IFERROR(_xlfn.XLOOKUP($F22,'FCDB 2017 (full)'!$C:$C,'FCDB 2017 (full)'!$AX:$AX)*$H22/100,0) -> 0 | BH22: =IFERROR(_xlfn.XLOOKUP($F22,'FCDB 2017 (full)'!$C:$C,'FCDB 2017 (full)'!$AY:$AY)*$H22/100,0) -> 0 | BI22: =IFERROR(_xlfn.XLOOKUP($F22,'FCDB 2017 (full)'!$C:$C,'FCDB 2017 (full)'!$AZ:$AZ)*$H22/100,0) -> 0 | BJ22: =IFERROR(_xlfn.XLOOKUP($F22,'FCDB 2017 (full)'!$C:$C,'FCDB 2017 (full)'!$BA:$BA)*$H22/100,0) -> 0 | BK22: =IFERROR(_xlfn.XLOOKUP($F22,'FCDB 2017 (full)'!$C:$C,'FCDB 2017 (full)'!$BB:$BB)*$H22/100,0) -> 0 | BL22: =IFERROR(_xlfn.XLOOKUP($F22,'FCDB 2017 (full)'!$C:$C,'FCDB 2017 (full)'!$BC:$BC)*$H22/100,0) -> 0 | BM22: =IFERROR(_xlfn.XLOOKUP($F22,'FCDB 2017 (full)'!$C:$C,'FCDB 2017 (full)'!$BD:$BD)*$H22/100,0) -> 0 | BN22: =IFERROR(_xlfn.XLOOKUP($F22,'FCDB 2017 (full)'!$C:$C,'FCDB 2017 (full)'!$BE:$BE)*$H22/100,0) -> 0 | BO22: =IFERROR(_xlfn.XLOOKUP($F22,'FCDB 2017 (full)'!$C:$C,'FCDB 2017 (full)'!$BF:$BF)*$H22/100,0) -> 0 | BP22: =IFERROR(_xlfn.XLOOKUP($F22,'FCDB 2017 (full)'!$C:$C,'FCDB 2017 (full)'!$BG:$BG)*$H22/100,0) -> 0 | BQ22: =IFERROR(_xlfn.XLOOKUP($F22,'FCDB 2017 (full)'!$C:$C,'FCDB 2017 (full)'!$BH:$BH)*$H22/100,0) -> 0 | BR22: =IFERROR(_xlfn.XLOOKUP($F22,'FCDB 2017 (full)'!$C:$C,'FCDB 2017 (full)'!$BI:$BI)*$H22/100,0) -> 0 | BS22: =IFERROR(_xlfn.XLOOKUP($F22,'FCDB 2017 (full)'!$C:$C,'FCDB 2017 (full)'!$BJ:$BJ)*$H22/100,0) -> 0 | BT22: =IFERROR(_xlfn.XLOOKUP($F22,'FCDB 2017 (full)'!$C:$C,'FCDB 2017 (full)'!$BK:$BK)*$H22/100,0) -> 0 | BU22: =IFERROR(_xlfn.XLOOKUP($F22,'FCDB 2017 (full)'!$C:$C,'FCDB 2017 (full)'!$BL:$BL)*$H22/100,0) -> 0 | BV22: =IFERROR(_xlfn.XLOOKUP($F22,'FCDB 2017 (full)'!$C:$C,'FCDB 2017 (full)'!$BM:$BM)*$H22/100,0) -> 0 | BW22: =IFERROR(_xlfn.XLOOKUP($F22,'FCDB 2017 (full)'!$C:$C,'FCDB 2017 (full)'!$BN:$BN)*$H22/100,0) -> 0 | BX22: =IFERROR(_xlfn.XLOOKUP($F22,'FCDB 2017 (full)'!$C:$C,'FCDB 2017 (full)'!$BO:$BO)*$H22/100,0) -> 0 | BY22: =IFERROR(_xlfn.XLOOKUP($F22,'FCDB 2017 (full)'!$C:$C,'FCDB 2017 (full)'!$BP:$BP)*$H22/100,0) -> 0 | BZ22: =IFERROR(_xlfn.XLOOKUP($F22,'FCDB 2017 (full)'!$C:$C,'FCDB 2017 (full)'!$BQ:$BQ)*$H22/100,0) -> 0 | CA22: =IFERROR(_xlfn.XLOOKUP($F22,'FCDB 2017 (full)'!$C:$C,'FCDB 2017 (full)'!$BR:$BR)*$H22/100,0) -> 0 | CB22: =IFERROR(_xlfn.XLOOKUP($F22,'FCDB 2017 (full)'!$C:$C,'FCDB 2017 (full)'!$BS:$BS)*$H22/100,0) -> 0 | CC22: =IFERROR(_xlfn.XLOOKUP($F22,'FCDB 2017 (full)'!$C:$C,'FCDB 2017 (full)'!$BT:$BT)*$H22/100,0) -> 0 | CD22: =IFERROR(_xlfn.XLOOKUP($F22,'FCDB 2017 (full)'!$C:$C,'FCDB 2017 (full)'!$BU:$BU)*$H22/100,0) -> 0 | CE22: =IFERROR(_xlfn.XLOOKUP($F22,'FCDB 2017 (full)'!$C:$C,'FCDB 2017 (full)'!$BV:$BV)*$H22/100,0) -> 0 | CF22: =IFERROR(_xlfn.XLOOKUP($F22,'FCDB 2017 (full)'!$C:$C,'FCDB 2017 (full)'!$BW:$BW)*$H22/100,0) -> 0 | CG22: =IFERROR(_xlfn.XLOOKUP($F22,'FCDB 2017 (full)'!$C:$C,'FCDB 2017 (full)'!$BX:$BX)*$H22/100,0) -> 0 | CH22: =IFERROR(_xlfn.XLOOKUP($F22,'FCDB 2017 (full)'!$C:$C,'FCDB 2017 (full)'!$BY:$BY)*$H22/100,0) -> 0 | CI22: =IFERROR(_xlfn.XLOOKUP($F22,'FCDB 2017 (full)'!$C:$C,'FCDB 2017 (full)'!$BZ:$BZ)*$H22/100,0) -> 0 | CJ22: =IFERROR(_xlfn.XLOOKUP($F22,'FCDB 2017 (full)'!$C:$C,'FCDB 2017 (full)'!$CA:$CA)*$H22/100,0) -> 0 | CK22: =IFERROR(_xlfn.XLOOKUP($F22,'FCDB 2017 (full)'!$C:$C,'FCDB 2017 (full)'!$CB:$CB)*$H22/100,0) -> 0 | CL22: =IFERROR(_xlfn.XLOOKUP($F22,'FCDB 2017 (full)'!$C:$C,'FCDB 2017 (full)'!$CC:$CC)*$H22/100,0) -> 0 | CM22: =IFERROR(_xlfn.XLOOKUP($F22,'FCDB 2017 (full)'!$C:$C,'FCDB 2017 (full)'!$CD:$CD)*$H22/100,0) -> 0 | CN22: =IFERROR(_xlfn.XLOOKUP($F22,'FCDB 2017 (full)'!$C:$C,'FCDB 2017 (full)'!$CE:$CE)*$H22/100,0) -> 0 | CO22: =IFERROR(_xlfn.XLOOKUP($F22,'FCDB 2017 (full)'!$C:$C,'FCDB 2017 (full)'!$CF:$CF)*$H22/100,0) -> 0 | CP22: =IFERROR(_xlfn.XLOOKUP($F22,'FCDB 2017 (full)'!$C:$C,'FCDB 2017 (full)'!$CG:$CG)*$H22/100,0) -> 0 | CQ22: =IFERROR(_xlfn.XLOOKUP($F22,'FCDB 2017 (full)'!$C:$C,'FCDB 2017 (full)'!$CH:$CH)*$H22/100,0) -> 0 | DA22: SÁNG
F23: =IFERROR(VLOOKUP($D$9,$D:$AE,12,0),0) -> 0 | G23: {=IF(F23=0,0,IF(_xlfn.XLOOKUP(F23,$E$9:$AE$9,$E$10:$AE$10)=0,"Nhập ĐV/TV",_xlfn.XLOOKUP(F23,$E$9:$AE$9,$E$10:$AE$10)))} -> 0 | H23: {=IFERROR(INDEX($E$11:$AE$11,MATCH(F23,$E$9:$AE$9,0)),0)} -> 0 | I23: =IFERROR(_xlfn.XLOOKUP($F23,'FCDB 2017 (full)'!$C:$C,'FCDB 2017 (full)'!$E:$E),0) -> 0 | J23: =$H23*I23/100 -> 0 | K23: =IFERROR(_xlfn.XLOOKUP($F23,'FCDB 2017 (full)'!$C:$C,'FCDB 2017 (full)'!$G:$G),0) -> 0 | L23: =IF($G23=L$15,$H23*$K23/100,0) -> 0 | M23: =IF($G23=M$15,$H23*$K23/100,0) -> 0 | N23: =IFERROR(_xlfn.XLOOKUP($F23,'FCDB 2017 (full)'!$C:$C,'FCDB 2017 (full)'!$H:$H),0) -> 0 | O23: =IF($G23=O$15,$H23*$N23/100,0) -> 0 | P23: =IF($G23=P$15,$H23*$N23/100,0) -> 0 | Q23: =IFERROR(_xlfn.XLOOKUP($F23,'FCDB 2017 (full)'!$C:$C,'FCDB 2017 (full)'!$I:$I),0) -> 0 | R23: =$H23*Q23/100 -> 0 | S23: =IFERROR(_xlfn.XLOOKUP($F23,'FCDB 2017 (full)'!$C:$C,'FCDB 2017 (full)'!$J:$J)*$H23/100,0) -> 0 | T23: =IFERROR(_xlfn.XLOOKUP($F23,'FCDB 2017 (full)'!$C:$C,'FCDB 2017 (full)'!$K:$K)*$H23/100,0) -> 0 | U23: =IFERROR(_xlfn.XLOOKUP($F23,'FCDB 2017 (full)'!$C:$C,'FCDB 2017 (full)'!$L:$L)*$H23/100,0) -> 0 | V23: =IFERROR(_xlfn.XLOOKUP($F23,'FCDB 2017 (full)'!$C:$C,'FCDB 2017 (full)'!$M:$M)*$H23/100,0) -> 0 | W23: =IFERROR(_xlfn.XLOOKUP($F23,'FCDB 2017 (full)'!$C:$C,'FCDB 2017 (full)'!$N:$N)*$H23/100,0) -> 0 | X23: =IFERROR(_xlfn.XLOOKUP($F23,'FCDB 2017 (full)'!$C:$C,'FCDB 2017 (full)'!$O:$O)*$H23/100,0) -> 0 | Y23: =IFERROR(_xlfn.XLOOKUP($F23,'FCDB 2017 (full)'!$C:$C,'FCDB 2017 (full)'!$P:$P)*$H23/100,0) -> 0 | Z23: =IFERROR(_xlfn.XLOOKUP($F23,'FCDB 2017 (full)'!$C:$C,'FCDB 2017 (full)'!$Q:$Q)*$H23/100,0) -> 0 | AA23: =IFERROR(_xlfn.XLOOKUP($F23,'FCDB 2017 (full)'!$C:$C,'FCDB 2017 (full)'!$R:$R)*$H23/100,0) -> 0 | AB23: =IFERROR(_xlfn.XLOOKUP($F23,'FCDB 2017 (full)'!$C:$C,'FCDB 2017 (full)'!$S:$S)*$H23/100,0) -> 0 | AC23: =IFERROR(_xlfn.XLOOKUP($F23,'FCDB 2017 (full)'!$C:$C,'FCDB 2017 (full)'!$T:$T)*$H23/100,0) -> 0 | AD23: =IFERROR(_xlfn.XLOOKUP($F23,'FCDB 2017 (full)'!$C:$C,'FCDB 2017 (full)'!$U:$U)*$H23/100,0) -> 0 | AE23: =IFERROR(_xlfn.XLOOKUP($F23,'FCDB 2017 (full)'!$C:$C,'FCDB 2017 (full)'!$V:$V)*$H23/100,0) -> 0 | AF23: =IFERROR(_xlfn.XLOOKUP($F23,'FCDB 2017 (full)'!$C:$C,'FCDB 2017 (full)'!$W:$W)*$H23/100,0) -> 0 | AG23: =IFERROR(_xlfn.XLOOKUP($F23,'FCDB 2017 (full)'!$C:$C,'FCDB 2017 (full)'!$X:$X)*$H23/100,0) -> 0 | AH23: =IFERROR(_xlfn.XLOOKUP($F23,'FCDB 2017 (full)'!$C:$C,'FCDB 2017 (full)'!$Y:$Y)*$H23/100,0) -> 0 | AI23: =IFERROR(_xlfn.XLOOKUP($F23,'FCDB 2017 (full)'!$C:$C,'FCDB 2017 (full)'!$Z:$Z)*$H23/100,0) -> 0 | AJ23: =IFERROR(_xlfn.XLOOKUP($F23,'FCDB 2017 (full)'!$C:$C,'FCDB 2017 (full)'!$AA:$AA)*$H23/100,0) -> 0 | AK23: =IFERROR(_xlfn.XLOOKUP($F23,'FCDB 2017 (full)'!$C:$C,'FCDB 2017 (full)'!$AB:$AB)*$H23/100,0) -> 0 | AL23: =IFERROR(_xlfn.XLOOKUP($F23,'FCDB 2017 (full)'!$C:$C,'FCDB 2017 (full)'!$AC:$AC)*$H23/100,0) -> 0 | AM23: =IFERROR(_xlfn.XLOOKUP($F23,'FCDB 2017 (full)'!$C:$C,'FCDB 2017 (full)'!$AD:$AD)*$H23/100,0) -> 0 | AN23: =IFERROR(_xlfn.XLOOKUP($F23,'FCDB 2017 (full)'!$C:$C,'FCDB 2017 (full)'!$AE:$AE)*$H23/100,0) -> 0 | AO23: =IFERROR(_xlfn.XLOOKUP($F23,'FCDB 2017 (full)'!$C:$C,'FCDB 2017 (full)'!$AF:$AF)*$H23/100,0) -> 0 | AP23: =IFERROR(_xlfn.XLOOKUP($F23,'FCDB 2017 (full)'!$C:$C,'FCDB 2017 (full)'!$AG:$AG)*$H23/100,0) -> 0 | AQ23: =IFERROR(_xlfn.XLOOKUP($F23,'FCDB 2017 (full)'!$C:$C,'FCDB 2017 (full)'!$AH:$AH)*$H23/100,0) -> 0 | AR23: =IFERROR(_xlfn.XLOOKUP($F23,'FCDB 2017 (full)'!$C:$C,'FCDB 2017 (full)'!$AI:$AI)*$H23/100,0) -> 0 | AS23: =IFERROR(_xlfn.XLOOKUP($F23,'FCDB 2017 (full)'!$C:$C,'FCDB 2017 (full)'!$AJ:$AJ)*$H23/100,0) -> 0 | AT23: =IFERROR(_xlfn.XLOOKUP($F23,'FCDB 2017 (full)'!$C:$C,'FCDB 2017 (full)'!$AK:$AK)*$H23/100,0) -> 0 | AU23: =IFERROR(_xlfn.XLOOKUP($F23,'FCDB 2017 (full)'!$C:$C,'FCDB 2017 (full)'!$AK:$AK)*$H23/100,0) -> 0 | AV23: =IFERROR(_xlfn.XLOOKUP($F23,'FCDB 2017 (full)'!$C:$C,'FCDB 2017 (full)'!$AM:$AM)*$H23/100,0) -> 0 | AW23: =IFERROR(_xlfn.XLOOKUP($F23,'FCDB 2017 (full)'!$C:$C,'FCDB 2017 (full)'!$AN:$AN)*$H23/100,0) -> 0 | AX23: =IFERROR(_xlfn.XLOOKUP($F23,'FCDB 2017 (full)'!$C:$C,'FCDB 2017 (full)'!$AO:$AO)*$H23/100,0) -> 0 | AY23: =IFERROR(_xlfn.XLOOKUP($F23,'FCDB 2017 (full)'!$C:$C,'FCDB 2017 (full)'!$AP:$AP)*$H23/100,0) -> 0 | AZ23: =IFERROR(_xlfn.XLOOKUP($F23,'FCDB 2017 (full)'!$C:$C,'FCDB 2017 (full)'!$AQ:$AQ)*$H23/100,0) -> 0 | BA23: =IFERROR(_xlfn.XLOOKUP($F23,'FCDB 2017 (full)'!$C:$C,'FCDB 2017 (full)'!$AR:$AR)*$H23/100,0) -> 0 | BB23: =IFERROR(_xlfn.XLOOKUP($F23,'FCDB 2017 (full)'!$C:$C,'FCDB 2017 (full)'!$AS:$AS)*$H23/100,0) -> 0 | BC23: =IFERROR(_xlfn.XLOOKUP($F23,'FCDB 2017 (full)'!$C:$C,'FCDB 2017 (full)'!$AT:$AT)*$H23/100,0) -> 0 | BD23: =IFERROR(_xlfn.XLOOKUP($F23,'FCDB 2017 (full)'!$C:$C,'FCDB 2017 (full)'!$AU:$AU)*$H23/100,0) -> 0 | BE23: =IFERROR(_xlfn.XLOOKUP($F23,'FCDB 2017 (full)'!$C:$C,'FCDB 2017 (full)'!$AV:$AV)*$H23/100,0) -> 0 | BF23: =IFERROR(_xlfn.XLOOKUP($F23,'FCDB 2017 (full)'!$C:$C,'FCDB 2017 (full)'!$AW:$AW)*$H23/100,0) -> 0 | BG23: =IFERROR(_xlfn.XLOOKUP($F23,'FCDB 2017 (full)'!$C:$C,'FCDB 2017 (full)'!$AX:$AX)*$H23/100,0) -> 0 | BH23: =IFERROR(_xlfn.XLOOKUP($F23,'FCDB 2017 (full)'!$C:$C,'FCDB 2017 (full)'!$AY:$AY)*$H23/100,0) -> 0 | BI23: =IFERROR(_xlfn.XLOOKUP($F23,'FCDB 2017 (full)'!$C:$C,'FCDB 2017 (full)'!$AZ:$AZ)*$H23/100,0) -> 0 | BJ23: =IFERROR(_xlfn.XLOOKUP($F23,'FCDB 2017 (full)'!$C:$C,'FCDB 2017 (full)'!$BA:$BA)*$H23/100,0) -> 0 | BK23: =IFERROR(_xlfn.XLOOKUP($F23,'FCDB 2017 (full)'!$C:$C,'FCDB 2017 (full)'!$BB:$BB)*$H23/100,0) -> 0 | BL23: =IFERROR(_xlfn.XLOOKUP($F23,'FCDB 2017 (full)'!$C:$C,'FCDB 2017 (full)'!$BC:$BC)*$H23/100,0) -> 0 | BM23: =IFERROR(_xlfn.XLOOKUP($F23,'FCDB 2017 (full)'!$C:$C,'FCDB 2017 (full)'!$BD:$BD)*$H23/100,0) -> 0 | BN23: =IFERROR(_xlfn.XLOOKUP($F23,'FCDB 2017 (full)'!$C:$C,'FCDB 2017 (full)'!$BE:$BE)*$H23/100,0) -> 0 | BO23: =IFERROR(_xlfn.XLOOKUP($F23,'FCDB 2017 (full)'!$C:$C,'FCDB 2017 (full)'!$BF:$BF)*$H23/100,0) -> 0 | BP23: =IFERROR(_xlfn.XLOOKUP($F23,'FCDB 2017 (full)'!$C:$C,'FCDB 2017 (full)'!$BG:$BG)*$H23/100,0) -> 0 | BQ23: =IFERROR(_xlfn.XLOOKUP($F23,'FCDB 2017 (full)'!$C:$C,'FCDB 2017 (full)'!$BH:$BH)*$H23/100,0) -> 0 | BR23: =IFERROR(_xlfn.XLOOKUP($F23,'FCDB 2017 (full)'!$C:$C,'FCDB 2017 (full)'!$BI:$BI)*$H23/100,0) -> 0 | BS23: =IFERROR(_xlfn.XLOOKUP($F23,'FCDB 2017 (full)'!$C:$C,'FCDB 2017 (full)'!$BJ:$BJ)*$H23/100,0) -> 0 | BT23: =IFERROR(_xlfn.XLOOKUP($F23,'FCDB 2017 (full)'!$C:$C,'FCDB 2017 (full)'!$BK:$BK)*$H23/100,0) -> 0 | BU23: =IFERROR(_xlfn.XLOOKUP($F23,'FCDB 2017 (full)'!$C:$C,'FCDB 2017 (full)'!$BL:$BL)*$H23/100,0) -> 0 | BV23: =IFERROR(_xlfn.XLOOKUP($F23,'FCDB 2017 (full)'!$C:$C,'FCDB 2017 (full)'!$BM:$BM)*$H23/100,0) -> 0 | BW23: =IFERROR(_xlfn.XLOOKUP($F23,'FCDB 2017 (full)'!$C:$C,'FCDB 2017 (full)'!$BN:$BN)*$H23/100,0) -> 0 | BX23: =IFERROR(_xlfn.XLOOKUP($F23,'FCDB 2017 (full)'!$C:$C,'FCDB 2017 (full)'!$BO:$BO)*$H23/100,0) -> 0 | BY23: =IFERROR(_xlfn.XLOOKUP($F23,'FCDB 2017 (full)'!$C:$C,'FCDB 2017 (full)'!$BP:$BP)*$H23/100,0) -> 0 | BZ23: =IFERROR(_xlfn.XLOOKUP($F23,'FCDB 2017 (full)'!$C:$C,'FCDB 2017 (full)'!$BQ:$BQ)*$H23/100,0) -> 0 | CA23: =IFERROR(_xlfn.XLOOKUP($F23,'FCDB 2017 (full)'!$C:$C,'FCDB 2017 (full)'!$BR:$BR)*$H23/100,0) -> 0 | CB23: =IFERROR(_xlfn.XLOOKUP($F23,'FCDB 2017 (full)'!$C:$C,'FCDB 2017 (full)'!$BS:$BS)*$H23/100,0) -> 0 | CC23: =IFERROR(_xlfn.XLOOKUP($F23,'FCDB 2017 (full)'!$C:$C,'FCDB 2017 (full)'!$BT:$BT)*$H23/100,0) -> 0 | CD23: =IFERROR(_xlfn.XLOOKUP($F23,'FCDB 2017 (full)'!$C:$C,'FCDB 2017 (full)'!$BU:$BU)*$H23/100,0) -> 0 | CE23: =IFERROR(_xlfn.XLOOKUP($F23,'FCDB 2017 (full)'!$C:$C,'FCDB 2017 (full)'!$BV:$BV)*$H23/100,0) -> 0 | CF23: =IFERROR(_xlfn.XLOOKUP($F23,'FCDB 2017 (full)'!$C:$C,'FCDB 2017 (full)'!$BW:$BW)*$H23/100,0) -> 0 | CG23: =IFERROR(_xlfn.XLOOKUP($F23,'FCDB 2017 (full)'!$C:$C,'FCDB 2017 (full)'!$BX:$BX)*$H23/100,0) -> 0 | CH23: =IFERROR(_xlfn.XLOOKUP($F23,'FCDB 2017 (full)'!$C:$C,'FCDB 2017 (full)'!$BY:$BY)*$H23/100,0) -> 0 | CI23: =IFERROR(_xlfn.XLOOKUP($F23,'FCDB 2017 (full)'!$C:$C,'FCDB 2017 (full)'!$BZ:$BZ)*$H23/100,0) -> 0 | CJ23: =IFERROR(_xlfn.XLOOKUP($F23,'FCDB 2017 (full)'!$C:$C,'FCDB 2017 (full)'!$CA:$CA)*$H23/100,0) -> 0 | CK23: =IFERROR(_xlfn.XLOOKUP($F23,'FCDB 2017 (full)'!$C:$C,'FCDB 2017 (full)'!$CB:$CB)*$H23/100,0) -> 0 | CL23: =IFERROR(_xlfn.XLOOKUP($F23,'FCDB 2017 (full)'!$C:$C,'FCDB 2017 (full)'!$CC:$CC)*$H23/100,0) -> 0 | CM23: =IFERROR(_xlfn.XLOOKUP($F23,'FCDB 2017 (full)'!$C:$C,'FCDB 2017 (full)'!$CD:$CD)*$H23/100,0) -> 0 | CN23: =IFERROR(_xlfn.XLOOKUP($F23,'FCDB 2017 (full)'!$C:$C,'FCDB 2017 (full)'!$CE:$CE)*$H23/100,0) -> 0 | CO23: =IFERROR(_xlfn.XLOOKUP($F23,'FCDB 2017 (full)'!$C:$C,'FCDB 2017 (full)'!$CF:$CF)*$H23/100,0) -> 0 | CP23: =IFERROR(_xlfn.XLOOKUP($F23,'FCDB 2017 (full)'!$C:$C,'FCDB 2017 (full)'!$CG:$CG)*$H23/100,0) -> 0 | CQ23: =IFERROR(_xlfn.XLOOKUP($F23,'FCDB 2017 (full)'!$C:$C,'FCDB 2017 (full)'!$CH:$CH)*$H23/100,0) -> 0 | DA23: SÁNG
F24: =IFERROR(VLOOKUP($D$9,$D:$AE,13,0),0) -> 0 | G24: {=IF(F24=0,0,IF(_xlfn.XLOOKUP(F24,$E$9:$AE$9,$E$10:$AE$10)=0,"Nhập ĐV/TV",_xlfn.XLOOKUP(F24,$E$9:$AE$9,$E$10:$AE$10)))} -> 0 | H24: {=IFERROR(INDEX($E$11:$AE$11,MATCH(F24,$E$9:$AE$9,0)),0)} -> 0 | I24: =IFERROR(_xlfn.XLOOKUP($F24,'FCDB 2017 (full)'!$C:$C,'FCDB 2017 (full)'!$E:$E),0) -> 0 | J24: =$H24*I24/100 -> 0 | K24: =IFERROR(_xlfn.XLOOKUP($F24,'FCDB 2017 (full)'!$C:$C,'FCDB 2017 (full)'!$G:$G),0) -> 0 | L24: =IF($G24=L$15,$H24*$K24/100,0) -> 0 | M24: =IF($G24=M$15,$H24*$K24/100,0) -> 0 | N24: =IFERROR(_xlfn.XLOOKUP($F24,'FCDB 2017 (full)'!$C:$C,'FCDB 2017 (full)'!$H:$H),0) -> 0 | O24: =IF($G24=O$15,$H24*$N24/100,0) -> 0 | P24: =IF($G24=P$15,$H24*$N24/100,0) -> 0 | Q24: =IFERROR(_xlfn.XLOOKUP($F24,'FCDB 2017 (full)'!$C:$C,'FCDB 2017 (full)'!$I:$I),0) -> 0 | R24: =$H24*Q24/100 -> 0 | S24: =IFERROR(_xlfn.XLOOKUP($F24,'FCDB 2017 (full)'!$C:$C,'FCDB 2017 (full)'!$J:$J)*$H24/100,0) -> 0 | T24: =IFERROR(_xlfn.XLOOKUP($F24,'FCDB 2017 (full)'!$C:$C,'FCDB 2017 (full)'!$K:$K)*$H24/100,0) -> 0 | U24: =IFERROR(_xlfn.XLOOKUP($F24,'FCDB 2017 (full)'!$C:$C,'FCDB 2017 (full)'!$L:$L)*$H24/100,0) -> 0 | V24: =IFERROR(_xlfn.XLOOKUP($F24,'FCDB 2017 (full)'!$C:$C,'FCDB 2017 (full)'!$M:$M)*$H24/100,0) -> 0 | W24: =IFERROR(_xlfn.XLOOKUP($F24,'FCDB 2017 (full)'!$C:$C,'FCDB 2017 (full)'!$N:$N)*$H24/100,0) -> 0 | X24: =IFERROR(_xlfn.XLOOKUP($F24,'FCDB 2017 (full)'!$C:$C,'FCDB 2017 (full)'!$O:$O)*$H24/100,0) -> 0 | Y24: =IFERROR(_xlfn.XLOOKUP($F24,'FCDB 2017 (full)'!$C:$C,'FCDB 2017 (full)'!$P:$P)*$H24/100,0) -> 0 | Z24: =IFERROR(_xlfn.XLOOKUP($F24,'FCDB 2017 (full)'!$C:$C,'FCDB 2017 (full)'!$Q:$Q)*$H24/100,0) -> 0 | AA24: =IFERROR(_xlfn.XLOOKUP($F24,'FCDB 2017 (full)'!$C:$C,'FCDB 2017 (full)'!$R:$R)*$H24/100,0) -> 0 | AB24: =IFERROR(_xlfn.XLOOKUP($F24,'FCDB 2017 (full)'!$C:$C,'FCDB 2017 (full)'!$S:$S)*$H24/100,0) -> 0 | AC24: =IFERROR(_xlfn.XLOOKUP($F24,'FCDB 2017 (full)'!$C:$C,'FCDB 2017 (full)'!$T:$T)*$H24/100,0) -> 0 | AD24: =IFERROR(_xlfn.XLOOKUP($F24,'FCDB 2017 (full)'!$C:$C,'FCDB 2017 (full)'!$U:$U)*$H24/100,0) -> 0 | AE24: =IFERROR(_xlfn.XLOOKUP($F24,'FCDB 2017 (full)'!$C:$C,'FCDB 2017 (full)'!$V:$V)*$H24/100,0) -> 0 | AF24: =IFERROR(_xlfn.XLOOKUP($F24,'FCDB 2017 (full)'!$C:$C,'FCDB 2017 (full)'!$W:$W)*$H24/100,0) -> 0 | AG24: =IFERROR(_xlfn.XLOOKUP($F24,'FCDB 2017 (full)'!$C:$C,'FCDB 2017 (full)'!$X:$X)*$H24/100,0) -> 0 | AH24: =IFERROR(_xlfn.XLOOKUP($F24,'FCDB 2017 (full)'!$C:$C,'FCDB 2017 (full)'!$Y:$Y)*$H24/100,0) -> 0 | AI24: =IFERROR(_xlfn.XLOOKUP($F24,'FCDB 2017 (full)'!$C:$C,'FCDB 2017 (full)'!$Z:$Z)*$H24/100,0) -> 0 | AJ24: =IFERROR(_xlfn.XLOOKUP($F24,'FCDB 2017 (full)'!$C:$C,'FCDB 2017 (full)'!$AA:$AA)*$H24/100,0) -> 0 | AK24: =IFERROR(_xlfn.XLOOKUP($F24,'FCDB 2017 (full)'!$C:$C,'FCDB 2017 (full)'!$AB:$AB)*$H24/100,0) -> 0 | AL24: =IFERROR(_xlfn.XLOOKUP($F24,'FCDB 2017 (full)'!$C:$C,'FCDB 2017 (full)'!$AC:$AC)*$H24/100,0) -> 0 | AM24: =IFERROR(_xlfn.XLOOKUP($F24,'FCDB 2017 (full)'!$C:$C,'FCDB 2017 (full)'!$AD:$AD)*$H24/100,0) -> 0 | AN24: =IFERROR(_xlfn.XLOOKUP($F24,'FCDB 2017 (full)'!$C:$C,'FCDB 2017 (full)'!$AE:$AE)*$H24/100,0) -> 0 | AO24: =IFERROR(_xlfn.XLOOKUP($F24,'FCDB 2017 (full)'!$C:$C,'FCDB 2017 (full)'!$AF:$AF)*$H24/100,0) -> 0 | AP24: =IFERROR(_xlfn.XLOOKUP($F24,'FCDB 2017 (full)'!$C:$C,'FCDB 2017 (full)'!$AG:$AG)*$H24/100,0) -> 0 | AQ24: =IFERROR(_xlfn.XLOOKUP($F24,'FCDB 2017 (full)'!$C:$C,'FCDB 2017 (full)'!$AH:$AH)*$H24/100,0) -> 0 | AR24: =IFERROR(_xlfn.XLOOKUP($F24,'FCDB 2017 (full)'!$C:$C,'FCDB 2017 (full)'!$AI:$AI)*$H24/100,0) -> 0 | AS24: =IFERROR(_xlfn.XLOOKUP($F24,'FCDB 2017 (full)'!$C:$C,'FCDB 2017 (full)'!$AJ:$AJ)*$H24/100,0) -> 0 | AT24: =IFERROR(_xlfn.XLOOKUP($F24,'FCDB 2017 (full)'!$C:$C,'FCDB 2017 (full)'!$AK:$AK)*$H24/100,0) -> 0 | AU24: =IFERROR(_xlfn.XLOOKUP($F24,'FCDB 2017 (full)'!$C:$C,'FCDB 2017 (full)'!$AK:$AK)*$H24/100,0) -> 0 | AV24: =IFERROR(_xlfn.XLOOKUP($F24,'FCDB 2017 (full)'!$C:$C,'FCDB 2017 (full)'!$AM:$AM)*$H24/100,0) -> 0 | AW24: =IFERROR(_xlfn.XLOOKUP($F24,'FCDB 2017 (full)'!$C:$C,'FCDB 2017 (full)'!$AN:$AN)*$H24/100,0) -> 0 | AX24: =IFERROR(_xlfn.XLOOKUP($F24,'FCDB 2017 (full)'!$C:$C,'FCDB 2017 (full)'!$AO:$AO)*$H24/100,0) -> 0 | AY24: =IFERROR(_xlfn.XLOOKUP($F24,'FCDB 2017 (full)'!$C:$C,'FCDB 2017 (full)'!$AP:$AP)*$H24/100,0) -> 0 | AZ24: =IFERROR(_xlfn.XLOOKUP($F24,'FCDB 2017 (full)'!$C:$C,'FCDB 2017 (full)'!$AQ:$AQ)*$H24/100,0) -> 0 | BA24: =IFERROR(_xlfn.XLOOKUP($F24,'FCDB 2017 (full)'!$C:$C,'FCDB 2017 (full)'!$AR:$AR)*$H24/100,0) -> 0 | BB24: =IFERROR(_xlfn.XLOOKUP($F24,'FCDB 2017 (full)'!$C:$C,'FCDB 2017 (full)'!$AS:$AS)*$H24/100,0) -> 0 | BC24: =IFERROR(_xlfn.XLOOKUP($F24,'FCDB 2017 (full)'!$C:$C,'FCDB 2017 (full)'!$AT:$AT)*$H24/100,0) -> 0 | BD24: =IFERROR(_xlfn.XLOOKUP($F24,'FCDB 2017 (full)'!$C:$C,'FCDB 2017 (full)'!$AU:$AU)*$H24/100,0) -> 0 | BE24: =IFERROR(_xlfn.XLOOKUP($F24,'FCDB 2017 (full)'!$C:$C,'FCDB 2017 (full)'!$AV:$AV)*$H24/100,0) -> 0 | BF24: =IFERROR(_xlfn.XLOOKUP($F24,'FCDB 2017 (full)'!$C:$C,'FCDB 2017 (full)'!$AW:$AW)*$H24/100,0) -> 0 | BG24: =IFERROR(_xlfn.XLOOKUP($F24,'FCDB 2017 (full)'!$C:$C,'FCDB 2017 (full)'!$AX:$AX)*$H24/100,0) -> 0 | BH24: =IFERROR(_xlfn.XLOOKUP($F24,'FCDB 2017 (full)'!$C:$C,'FCDB 2017 (full)'!$AY:$AY)*$H24/100,0) -> 0 | BI24: =IFERROR(_xlfn.XLOOKUP($F24,'FCDB 2017 (full)'!$C:$C,'FCDB 2017 (full)'!$AZ:$AZ)*$H24/100,0) -> 0 | BJ24: =IFERROR(_xlfn.XLOOKUP($F24,'FCDB 2017 (full)'!$C:$C,'FCDB 2017 (full)'!$BA:$BA)*$H24/100,0) -> 0 | BK24: =IFERROR(_xlfn.XLOOKUP($F24,'FCDB 2017 (full)'!$C:$C,'FCDB 2017 (full)'!$BB:$BB)*$H24/100,0) -> 0 | BL24: =IFERROR(_xlfn.XLOOKUP($F24,'FCDB 2017 (full)'!$C:$C,'FCDB 2017 (full)'!$BC:$BC)*$H24/100,0) -> 0 | BM24: =IFERROR(_xlfn.XLOOKUP($F24,'FCDB 2017 (full)'!$C:$C,'FCDB 2017 (full)'!$BD:$BD)*$H24/100,0) -> 0 | BN24: =IFERROR(_xlfn.XLOOKUP($F24,'FCDB 2017 (full)'!$C:$C,'FCDB 2017 (full)'!$BE:$BE)*$H24/100,0) -> 0 | BO24: =IFERROR(_xlfn.XLOOKUP($F24,'FCDB 2017 (full)'!$C:$C,'FCDB 2017 (full)'!$BF:$BF)*$H24/100,0) -> 0 | BP24: =IFERROR(_xlfn.XLOOKUP($F24,'FCDB 2017 (full)'!$C:$C,'FCDB 2017 (full)'!$BG:$BG)*$H24/100,0) -> 0 | BQ24: =IFERROR(_xlfn.XLOOKUP($F24,'FCDB 2017 (full)'!$C:$C,'FCDB 2017 (full)'!$BH:$BH)*$H24/100,0) -> 0 | BR24: =IFERROR(_xlfn.XLOOKUP($F24,'FCDB 2017 (full)'!$C:$C,'FCDB 2017 (full)'!$BI:$BI)*$H24/100,0) -> 0 | BS24: =IFERROR(_xlfn.XLOOKUP($F24,'FCDB 2017 (full)'!$C:$C,'FCDB 2017 (full)'!$BJ:$BJ)*$H24/100,0) -> 0 | BT24: =IFERROR(_xlfn.XLOOKUP($F24,'FCDB 2017 (full)'!$C:$C,'FCDB 2017 (full)'!$BK:$BK)*$H24/100,0) -> 0 | BU24: =IFERROR(_xlfn.XLOOKUP($F24,'FCDB 2017 (full)'!$C:$C,'FCDB 2017 (full)'!$BL:$BL)*$H24/100,0) -> 0 | BV24: =IFERROR(_xlfn.XLOOKUP($F24,'FCDB 2017 (full)'!$C:$C,'FCDB 2017 (full)'!$BM:$BM)*$H24/100,0) -> 0 | BW24: =IFERROR(_xlfn.XLOOKUP($F24,'FCDB 2017 (full)'!$C:$C,'FCDB 2017 (full)'!$BN:$BN)*$H24/100,0) -> 0 | BX24: =IFERROR(_xlfn.XLOOKUP($F24,'FCDB 2017 (full)'!$C:$C,'FCDB 2017 (full)'!$BO:$BO)*$H24/100,0) -> 0 | BY24: =IFERROR(_xlfn.XLOOKUP($F24,'FCDB 2017 (full)'!$C:$C,'FCDB 2017 (full)'!$BP:$BP)*$H24/100,0) -> 0 | BZ24: =IFERROR(_xlfn.XLOOKUP($F24,'FCDB 2017 (full)'!$C:$C,'FCDB 2017 (full)'!$BQ:$BQ)*$H24/100,0) -> 0 | CA24: =IFERROR(_xlfn.XLOOKUP($F24,'FCDB 2017 (full)'!$C:$C,'FCDB 2017 (full)'!$BR:$BR)*$H24/100,0) -> 0 | CB24: =IFERROR(_xlfn.XLOOKUP($F24,'FCDB 2017 (full)'!$C:$C,'FCDB 2017 (full)'!$BS:$BS)*$H24/100,0) -> 0 | CC24: =IFERROR(_xlfn.XLOOKUP($F24,'FCDB 2017 (full)'!$C:$C,'FCDB 2017 (full)'!$BT:$BT)*$H24/100,0) -> 0 | CD24: =IFERROR(_xlfn.XLOOKUP($F24,'FCDB 2017 (full)'!$C:$C,'FCDB 2017 (full)'!$BU:$BU)*$H24/100,0) -> 0 | CE24: =IFERROR(_xlfn.XLOOKUP($F24,'FCDB 2017 (full)'!$C:$C,'FCDB 2017 (full)'!$BV:$BV)*$H24/100,0) -> 0 | CF24: =IFERROR(_xlfn.XLOOKUP($F24,'FCDB 2017 (full)'!$C:$C,'FCDB 2017 (full)'!$BW:$BW)*$H24/100,0) -> 0 | CG24: =IFERROR(_xlfn.XLOOKUP($F24,'FCDB 2017 (full)'!$C:$C,'FCDB 2017 (full)'!$BX:$BX)*$H24/100,0) -> 0 | CH24: =IFERROR(_xlfn.XLOOKUP($F24,'FCDB 2017 (full)'!$C:$C,'FCDB 2017 (full)'!$BY:$BY)*$H24/100,0) -> 0 | CI24: =IFERROR(_xlfn.XLOOKUP($F24,'FCDB 2017 (full)'!$C:$C,'FCDB 2017 (full)'!$BZ:$BZ)*$H24/100,0) -> 0 | CJ24: =IFERROR(_xlfn.XLOOKUP($F24,'FCDB 2017 (full)'!$C:$C,'FCDB 2017 (full)'!$CA:$CA)*$H24/100,0) -> 0 | CK24: =IFERROR(_xlfn.XLOOKUP($F24,'FCDB 2017 (full)'!$C:$C,'FCDB 2017 (full)'!$CB:$CB)*$H24/100,0) -> 0 | CL24: =IFERROR(_xlfn.XLOOKUP($F24,'FCDB 2017 (full)'!$C:$C,'FCDB 2017 (full)'!$CC:$CC)*$H24/100,0) -> 0 | CM24: =IFERROR(_xlfn.XLOOKUP($F24,'FCDB 2017 (full)'!$C:$C,'FCDB 2017 (full)'!$CD:$CD)*$H24/100,0) -> 0 | CN24: =IFERROR(_xlfn.XLOOKUP($F24,'FCDB 2017 (full)'!$C:$C,'FCDB 2017 (full)'!$CE:$CE)*$H24/100,0) -> 0 | CO24: =IFERROR(_xlfn.XLOOKUP($F24,'FCDB 2017 (full)'!$C:$C,'FCDB 2017 (full)'!$CF:$CF)*$H24/100,0) -> 0 | CP24: =IFERROR(_xlfn.XLOOKUP($F24,'FCDB 2017 (full)'!$C:$C,'FCDB 2017 (full)'!$CG:$CG)*$H24/100,0) -> 0 | CQ24: =IFERROR(_xlfn.XLOOKUP($F24,'FCDB 2017 (full)'!$C:$C,'FCDB 2017 (full)'!$CH:$CH)*$H24/100,0) -> 0 | DA24: SÁNG
F25: =IFERROR(VLOOKUP($D$9,$D:$AE,15,0),0) -> 0 | G25: {=IF(F25=0,0,IF(_xlfn.XLOOKUP(F25,$E$9:$AE$9,$E$10:$AE$10)=0,"Nhập ĐV/TV",_xlfn.XLOOKUP(F25,$E$9:$AE$9,$E$10:$AE$10)))} -> 0 | H25: {=IFERROR(INDEX($E$11:$AE$11,MATCH(F25,$E$9:$AE$9,0)),0)} -> 0 | I25: =IFERROR(_xlfn.XLOOKUP($F25,'FCDB 2017 (full)'!$C:$C,'FCDB 2017 (full)'!$E:$E),0) -> 0 | J25: =$H25*I25/100 -> 0 | K25: =IFERROR(_xlfn.XLOOKUP($F25,'FCDB 2017 (full)'!$C:$C,'FCDB 2017 (full)'!$G:$G),0) -> 0 | L25: =IF($G25=L$15,$H25*$K25/100,0) -> 0 | M25: =IF($G25=M$15,$H25*$K25/100,0) -> 0 | N25: =IFERROR(_xlfn.XLOOKUP($F25,'FCDB 2017 (full)'!$C:$C,'FCDB 2017 (full)'!$H:$H),0) -> 0 | O25: =IF($G25=O$15,$H25*$N25/100,0) -> 0 | P25: =IF($G25=P$15,$H25*$N25/100,0) -> 0 | Q25: =IFERROR(_xlfn.XLOOKUP($F25,'FCDB 2017 (full)'!$C:$C,'FCDB 2017 (full)'!$I:$I),0) -> 0 | R25: =$H25*Q25/100 -> 0 | S25: =IFERROR(_xlfn.XLOOKUP($F25,'FCDB 2017 (full)'!$C:$C,'FCDB 2017 (full)'!$J:$J)*$H25/100,0) -> 0 | T25: =IFERROR(_xlfn.XLOOKUP($F25,'FCDB 2017 (full)'!$C:$C,'FCDB 2017 (full)'!$K:$K)*$H25/100,0) -> 0 | U25: =IFERROR(_xlfn.XLOOKUP($F25,'FCDB 2017 (full)'!$C:$C,'FCDB 2017 (full)'!$L:$L)*$H25/100,0) -> 0 | V25: =IFERROR(_xlfn.XLOOKUP($F25,'FCDB 2017 (full)'!$C:$C,'FCDB 2017 (full)'!$M:$M)*$H25/100,0) -> 0 | W25: =IFERROR(_xlfn.XLOOKUP($F25,'FCDB 2017 (full)'!$C:$C,'FCDB 2017 (full)'!$N:$N)*$H25/100,0) -> 0 | X25: =IFERROR(_xlfn.XLOOKUP($F25,'FCDB 2017 (full)'!$C:$C,'FCDB 2017 (full)'!$O:$O)*$H25/100,0) -> 0 | Y25: =IFERROR(_xlfn.XLOOKUP($F25,'FCDB 2017 (full)'!$C:$C,'FCDB 2017 (full)'!$P:$P)*$H25/100,0) -> 0 | Z25: =IFERROR(_xlfn.XLOOKUP($F25,'FCDB 2017 (full)'!$C:$C,'FCDB 2017 (full)'!$Q:$Q)*$H25/100,0) -> 0 | AA25: =IFERROR(_xlfn.XLOOKUP($F25,'FCDB 2017 (full)'!$C:$C,'FCDB 2017 (full)'!$R:$R)*$H25/100,0) -> 0 | AB25: =IFERROR(_xlfn.XLOOKUP($F25,'FCDB 2017 (full)'!$C:$C,'FCDB 2017 (full)'!$S:$S)*$H25/100,0) -> 0 | AC25: =IFERROR(_xlfn.XLOOKUP($F25,'FCDB 2017 (full)'!$C:$C,'FCDB 2017 (full)'!$T:$T)*$H25/100,0) -> 0 | AD25: =IFERROR(_xlfn.XLOOKUP($F25,'FCDB 2017 (full)'!$C:$C,'FCDB 2017 (full)'!$U:$U)*$H25/100,0) -> 0 | AE25: =IFERROR(_xlfn.XLOOKUP($F25,'FCDB 2017 (full)'!$C:$C,'FCDB 2017 (full)'!$V:$V)*$H25/100,0) -> 0 | AF25: =IFERROR(_xlfn.XLOOKUP($F25,'FCDB 2017 (full)'!$C:$C,'FCDB 2017 (full)'!$W:$W)*$H25/100,0) -> 0 | AG25: =IFERROR(_xlfn.XLOOKUP($F25,'FCDB 2017 (full)'!$C:$C,'FCDB 2017 (full)'!$X:$X)*$H25/100,0) -> 0 | AH25: =IFERROR(_xlfn.XLOOKUP($F25,'FCDB 2017 (full)'!$C:$C,'FCDB 2017 (full)'!$Y:$Y)*$H25/100,0) -> 0 | AI25: =IFERROR(_xlfn.XLOOKUP($F25,'FCDB 2017 (full)'!$C:$C,'FCDB 2017 (full)'!$Z:$Z)*$H25/100,0) -> 0 | AJ25: =IFERROR(_xlfn.XLOOKUP($F25,'FCDB 2017 (full)'!$C:$C,'FCDB 2017 (full)'!$AA:$AA)*$H25/100,0) -> 0 | AK25: =IFERROR(_xlfn.XLOOKUP($F25,'FCDB 2017 (full)'!$C:$C,'FCDB 2017 (full)'!$AB:$AB)*$H25/100,0) -> 0 | AL25: =IFERROR(_xlfn.XLOOKUP($F25,'FCDB 2017 (full)'!$C:$C,'FCDB 2017 (full)'!$AC:$AC)*$H25/100,0) -> 0 | AM25: =IFERROR(_xlfn.XLOOKUP($F25,'FCDB 2017 (full)'!$C:$C,'FCDB 2017 (full)'!$AD:$AD)*$H25/100,0) -> 0 | AN25: =IFERROR(_xlfn.XLOOKUP($F25,'FCDB 2017 (full)'!$C:$C,'FCDB 2017 (full)'!$AE:$AE)*$H25/100,0) -> 0 | AO25: =IFERROR(_xlfn.XLOOKUP($F25,'FCDB 2017 (full)'!$C:$C,'FCDB 2017 (full)'!$AF:$AF)*$H25/100,0) -> 0 | AP25: =IFERROR(_xlfn.XLOOKUP($F25,'FCDB 2017 (full)'!$C:$C,'FCDB 2017 (full)'!$AG:$AG)*$H25/100,0) -> 0 | AQ25: =IFERROR(_xlfn.XLOOKUP($F25,'FCDB 2017 (full)'!$C:$C,'FCDB 2017 (full)'!$AH:$AH)*$H25/100,0) -> 0 | AR25: =IFERROR(_xlfn.XLOOKUP($F25,'FCDB 2017 (full)'!$C:$C,'FCDB 2017 (full)'!$AI:$AI)*$H25/100,0) -> 0 | AS25: =IFERROR(_xlfn.XLOOKUP($F25,'FCDB 2017 (full)'!$C:$C,'FCDB 2017 (full)'!$AJ:$AJ)*$H25/100,0) -> 0 | AT25: =IFERROR(_xlfn.XLOOKUP($F25,'FCDB 2017 (full)'!$C:$C,'FCDB 2017 (full)'!$AK:$AK)*$H25/100,0) -> 0 | AU25: =IFERROR(_xlfn.XLOOKUP($F25,'FCDB 2017 (full)'!$C:$C,'FCDB 2017 (full)'!$AK:$AK)*$H25/100,0) -> 0 | AV25: =IFERROR(_xlfn.XLOOKUP($F25,'FCDB 2017 (full)'!$C:$C,'FCDB 2017 (full)'!$AM:$AM)*$H25/100,0) -> 0 | AW25: =IFERROR(_xlfn.XLOOKUP($F25,'FCDB 2017 (full)'!$C:$C,'FCDB 2017 (full)'!$AN:$AN)*$H25/100,0) -> 0 | AX25: =IFERROR(_xlfn.XLOOKUP($F25,'FCDB 2017 (full)'!$C:$C,'FCDB 2017 (full)'!$AO:$AO)*$H25/100,0) -> 0 | AY25: =IFERROR(_xlfn.XLOOKUP($F25,'FCDB 2017 (full)'!$C:$C,'FCDB 2017 (full)'!$AP:$AP)*$H25/100,0) -> 0 | AZ25: =IFERROR(_xlfn.XLOOKUP($F25,'FCDB 2017 (full)'!$C:$C,'FCDB 2017 (full)'!$AQ:$AQ)*$H25/100,0) -> 0 | BA25: =IFERROR(_xlfn.XLOOKUP($F25,'FCDB 2017 (full)'!$C:$C,'FCDB 2017 (full)'!$AR:$AR)*$H25/100,0) -> 0 | BB25: =IFERROR(_xlfn.XLOOKUP($F25,'FCDB 2017 (full)'!$C:$C,'FCDB 2017 (full)'!$AS:$AS)*$H25/100,0) -> 0 | BC25: =IFERROR(_xlfn.XLOOKUP($F25,'FCDB 2017 (full)'!$C:$C,'FCDB 2017 (full)'!$AT:$AT)*$H25/100,0) -> 0 | BD25: =IFERROR(_xlfn.XLOOKUP($F25,'FCDB 2017 (full)'!$C:$C,'FCDB 2017 (full)'!$AU:$AU)*$H25/100,0) -> 0 | BE25: =IFERROR(_xlfn.XLOOKUP($F25,'FCDB 2017 (full)'!$C:$C,'FCDB 2017 (full)'!$AV:$AV)*$H25/100,0) -> 0 | BF25: =IFERROR(_xlfn.XLOOKUP($F25,'FCDB 2017 (full)'!$C:$C,'FCDB 2017 (full)'!$AW:$AW)*$H25/100,0) -> 0 | BG25: =IFERROR(_xlfn.XLOOKUP($F25,'FCDB 2017 (full)'!$C:$C,'FCDB 2017 (full)'!$AX:$AX)*$H25/100,0) -> 0 | BH25: =IFERROR(_xlfn.XLOOKUP($F25,'FCDB 2017 (full)'!$C:$C,'FCDB 2017 (full)'!$AY:$AY)*$H25/100,0) -> 0 | BI25: =IFERROR(_xlfn.XLOOKUP($F25,'FCDB 2017 (full)'!$C:$C,'FCDB 2017 (full)'!$AZ:$AZ)*$H25/100,0) -> 0 | BJ25: =IFERROR(_xlfn.XLOOKUP($F25,'FCDB 2017 (full)'!$C:$C,'FCDB 2017 (full)'!$BA:$BA)*$H25/100,0) -> 0 | BK25: =IFERROR(_xlfn.XLOOKUP($F25,'FCDB 2017 (full)'!$C:$C,'FCDB 2017 (full)'!$BB:$BB)*$H25/100,0) -> 0 | BL25: =IFERROR(_xlfn.XLOOKUP($F25,'FCDB 2017 (full)'!$C:$C,'FCDB 2017 (full)'!$BC:$BC)*$H25/100,0) -> 0 | BM25: =IFERROR(_xlfn.XLOOKUP($F25,'FCDB 2017 (full)'!$C:$C,'FCDB 2017 (full)'!$BD:$BD)*$H25/100,0) -> 0 | BN25: =IFERROR(_xlfn.XLOOKUP($F25,'FCDB 2017 (full)'!$C:$C,'FCDB 2017 (full)'!$BE:$BE)*$H25/100,0) -> 0 | BO25: =IFERROR(_xlfn.XLOOKUP($F25,'FCDB 2017 (full)'!$C:$C,'FCDB 2017 (full)'!$BF:$BF)*$H25/100,0) -> 0 | BP25: =IFERROR(_xlfn.XLOOKUP($F25,'FCDB 2017 (full)'!$C:$C,'FCDB 2017 (full)'!$BG:$BG)*$H25/100,0) -> 0 | BQ25: =IFERROR(_xlfn.XLOOKUP($F25,'FCDB 2017 (full)'!$C:$C,'FCDB 2017 (full)'!$BH:$BH)*$H25/100,0) -> 0 | BR25: =IFERROR(_xlfn.XLOOKUP($F25,'FCDB 2017 (full)'!$C:$C,'FCDB 2017 (full)'!$BI:$BI)*$H25/100,0) -> 0 | BS25: =IFERROR(_xlfn.XLOOKUP($F25,'FCDB 2017 (full)'!$C:$C,'FCDB 2017 (full)'!$BJ:$BJ)*$H25/100,0) -> 0 | BT25: =IFERROR(_xlfn.XLOOKUP($F25,'FCDB 2017 (full)'!$C:$C,'FCDB 2017 (full)'!$BK:$BK)*$H25/100,0) -> 0 | BU25: =IFERROR(_xlfn.XLOOKUP($F25,'FCDB 2017 (full)'!$C:$C,'FCDB 2017 (full)'!$BL:$BL)*$H25/100,0) -> 0 | BV25: =IFERROR(_xlfn.XLOOKUP($F25,'FCDB 2017 (full)'!$C:$C,'FCDB 2017 (full)'!$BM:$BM)*$H25/100,0) -> 0 | BW25: =IFERROR(_xlfn.XLOOKUP($F25,'FCDB 2017 (full)'!$C:$C,'FCDB 2017 (full)'!$BN:$BN)*$H25/100,0) -> 0 | BX25: =IFERROR(_xlfn.XLOOKUP($F25,'FCDB 2017 (full)'!$C:$C,'FCDB 2017 (full)'!$BO:$BO)*$H25/100,0) -> 0 | BY25: =IFERROR(_xlfn.XLOOKUP($F25,'FCDB 2017 (full)'!$C:$C,'FCDB 2017 (full)'!$BP:$BP)*$H25/100,0) -> 0 | BZ25: =IFERROR(_xlfn.XLOOKUP($F25,'FCDB 2017 (full)'!$C:$C,'FCDB 2017 (full)'!$BQ:$BQ)*$H25/100,0) -> 0 | CA25: =IFERROR(_xlfn.XLOOKUP($F25,'FCDB 2017 (full)'!$C:$C,'FCDB 2017 (full)'!$BR:$BR)*$H25/100,0) -> 0 | CB25: =IFERROR(_xlfn.XLOOKUP($F25,'FCDB 2017 (full)'!$C:$C,'FCDB 2017 (full)'!$BS:$BS)*$H25/100,0) -> 0 | CC25: =IFERROR(_xlfn.XLOOKUP($F25,'FCDB 2017 (full)'!$C:$C,'FCDB 2017 (full)'!$BT:$BT)*$H25/100,0) -> 0 | CD25: =IFERROR(_xlfn.XLOOKUP($F25,'FCDB 2017 (full)'!$C:$C,'FCDB 2017 (full)'!$BU:$BU)*$H25/100,0) -> 0 | CE25: =IFERROR(_xlfn.XLOOKUP($F25,'FCDB 2017 (full)'!$C:$C,'FCDB 2017 (full)'!$BV:$BV)*$H25/100,0) -> 0 | CF25: =IFERROR(_xlfn.XLOOKUP($F25,'FCDB 2017 (full)'!$C:$C,'FCDB 2017 (full)'!$BW:$BW)*$H25/100,0) -> 0 | CG25: =IFERROR(_xlfn.XLOOKUP($F25,'FCDB 2017 (full)'!$C:$C,'FCDB 2017 (full)'!$BX:$BX)*$H25/100,0) -> 0 | CH25: =IFERROR(_xlfn.XLOOKUP($F25,'FCDB 2017 (full)'!$C:$C,'FCDB 2017 (full)'!$BY:$BY)*$H25/100,0) -> 0 | CI25: =IFERROR(_xlfn.XLOOKUP($F25,'FCDB 2017 (full)'!$C:$C,'FCDB 2017 (full)'!$BZ:$BZ)*$H25/100,0) -> 0 | CJ25: =IFERROR(_xlfn.XLOOKUP($F25,'FCDB 2017 (full)'!$C:$C,'FCDB 2017 (full)'!$CA:$CA)*$H25/100,0) -> 0 | CK25: =IFERROR(_xlfn.XLOOKUP($F25,'FCDB 2017 (full)'!$C:$C,'FCDB 2017 (full)'!$CB:$CB)*$H25/100,0) -> 0 | CL25: =IFERROR(_xlfn.XLOOKUP($F25,'FCDB 2017 (full)'!$C:$C,'FCDB 2017 (full)'!$CC:$CC)*$H25/100,0) -> 0 | CM25: =IFERROR(_xlfn.XLOOKUP($F25,'FCDB 2017 (full)'!$C:$C,'FCDB 2017 (full)'!$CD:$CD)*$H25/100,0) -> 0 | CN25: =IFERROR(_xlfn.XLOOKUP($F25,'FCDB 2017 (full)'!$C:$C,'FCDB 2017 (full)'!$CE:$CE)*$H25/100,0) -> 0 | CO25: =IFERROR(_xlfn.XLOOKUP($F25,'FCDB 2017 (full)'!$C:$C,'FCDB 2017 (full)'!$CF:$CF)*$H25/100,0) -> 0 | CP25: =IFERROR(_xlfn.XLOOKUP($F25,'FCDB 2017 (full)'!$C:$C,'FCDB 2017 (full)'!$CG:$CG)*$H25/100,0) -> 0 | CQ25: =IFERROR(_xlfn.XLOOKUP($F25,'FCDB 2017 (full)'!$C:$C,'FCDB 2017 (full)'!$CH:$CH)*$H25/100,0) -> 0 | DA25: SÁNG
F26: =IFERROR(VLOOKUP($D$9,$D:$AE,16,0),0) -> 0 | G26: {=IF(F26=0,0,IF(_xlfn.XLOOKUP(F26,$E$9:$AE$9,$E$10:$AE$10)=0,"Nhập ĐV/TV",_xlfn.XLOOKUP(F26,$E$9:$AE$9,$E$10:$AE$10)))} -> 0 | H26: {=IFERROR(INDEX($E$11:$AE$11,MATCH(F26,$E$9:$AE$9,0)),0)} -> 0 | I26: =IFERROR(_xlfn.XLOOKUP($F26,'FCDB 2017 (full)'!$C:$C,'FCDB 2017 (full)'!$E:$E),0) -> 0 | J26: =$H26*I26/100 -> 0 | K26: =IFERROR(_xlfn.XLOOKUP($F26,'FCDB 2017 (full)'!$C:$C,'FCDB 2017 (full)'!$G:$G),0) -> 0 | L26: =IF($G26=L$15,$H26*$K26/100,0) -> 0 | M26: =IF($G26=M$15,$H26*$K26/100,0) -> 0 | N26: =IFERROR(_xlfn.XLOOKUP($F26,'FCDB 2017 (full)'!$C:$C,'FCDB 2017 (full)'!$H:$H),0) -> 0 | O26: =IF($G26=O$15,$H26*$N26/100,0) -> 0 | P26: =IF($G26=P$15,$H26*$N26/100,0) -> 0 | Q26: =IFERROR(_xlfn.XLOOKUP($F26,'FCDB 2017 (full)'!$C:$C,'FCDB 2017 (full)'!$I:$I),0) -> 0 | R26: =$H26*Q26/100 -> 0 | S26: =IFERROR(_xlfn.XLOOKUP($F26,'FCDB 2017 (full)'!$C:$C,'FCDB 2017 (full)'!$J:$J)*$H26/100,0) -> 0 | T26: =IFERROR(_xlfn.XLOOKUP($F26,'FCDB 2017 (full)'!$C:$C,'FCDB 2017 (full)'!$K:$K)*$H26/100,0) -> 0 | U26: =IFERROR(_xlfn.XLOOKUP($F26,'FCDB 2017 (full)'!$C:$C,'FCDB 2017 (full)'!$L:$L)*$H26/100,0) -> 0 | V26: =IFERROR(_xlfn.XLOOKUP($F26,'FCDB 2017 (full)'!$C:$C,'FCDB 2017 (full)'!$M:$M)*$H26/100,0) -> 0 | W26: =IFERROR(_xlfn.XLOOKUP($F26,'FCDB 2017 (full)'!$C:$C,'FCDB 2017 (full)'!$N:$N)*$H26/100,0) -> 0 | X26: =IFERROR(_xlfn.XLOOKUP($F26,'FCDB 2017 (full)'!$C:$C,'FCDB 2017 (full)'!$O:$O)*$H26/100,0) -> 0 | Y26: =IFERROR(_xlfn.XLOOKUP($F26,'FCDB 2017 (full)'!$C:$C,'FCDB 2017 (full)'!$P:$P)*$H26/100,0) -> 0 | Z26: =IFERROR(_xlfn.XLOOKUP($F26,'FCDB 2017 (full)'!$C:$C,'FCDB 2017 (full)'!$Q:$Q)*$H26/100,0) -> 0 | AA26: =IFERROR(_xlfn.XLOOKUP($F26,'FCDB 2017 (full)'!$C:$C,'FCDB 2017 (full)'!$R:$R)*$H26/100,0) -> 0 | AB26: =IFERROR(_xlfn.XLOOKUP($F26,'FCDB 2017 (full)'!$C:$C,'FCDB 2017 (full)'!$S:$S)*$H26/100,0) -> 0 | AC26: =IFERROR(_xlfn.XLOOKUP($F26,'FCDB 2017 (full)'!$C:$C,'FCDB 2017 (full)'!$T:$T)*$H26/100,0) -> 0 | AD26: =IFERROR(_xlfn.XLOOKUP($F26,'FCDB 2017 (full)'!$C:$C,'FCDB 2017 (full)'!$U:$U)*$H26/100,0) -> 0 | AE26: =IFERROR(_xlfn.XLOOKUP($F26,'FCDB 2017 (full)'!$C:$C,'FCDB 2017 (full)'!$V:$V)*$H26/100,0) -> 0 | AF26: =IFERROR(_xlfn.XLOOKUP($F26,'FCDB 2017 (full)'!$C:$C,'FCDB 2017 (full)'!$W:$W)*$H26/100,0) -> 0 | AG26: =IFERROR(_xlfn.XLOOKUP($F26,'FCDB 2017 (full)'!$C:$C,'FCDB 2017 (full)'!$X:$X)*$H26/100,0) -> 0 | AH26: =IFERROR(_xlfn.XLOOKUP($F26,'FCDB 2017 (full)'!$C:$C,'FCDB 2017 (full)'!$Y:$Y)*$H26/100,0) -> 0 | AI26: =IFERROR(_xlfn.XLOOKUP($F26,'FCDB 2017 (full)'!$C:$C,'FCDB 2017 (full)'!$Z:$Z)*$H26/100,0) -> 0 | AJ26: =IFERROR(_xlfn.XLOOKUP($F26,'FCDB 2017 (full)'!$C:$C,'FCDB 2017 (full)'!$AA:$AA)*$H26/100,0) -> 0 | AK26: =IFERROR(_xlfn.XLOOKUP($F26,'FCDB 2017 (full)'!$C:$C,'FCDB 2017 (full)'!$AB:$AB)*$H26/100,0) -> 0 | AL26: =IFERROR(_xlfn.XLOOKUP($F26,'FCDB 2017 (full)'!$C:$C,'FCDB 2017 (full)'!$AC:$AC)*$H26/100,0) -> 0 | AM26: =IFERROR(_xlfn.XLOOKUP($F26,'FCDB 2017 (full)'!$C:$C,'FCDB 2017 (full)'!$AD:$AD)*$H26/100,0) -> 0 | AN26: =IFERROR(_xlfn.XLOOKUP($F26,'FCDB 2017 (full)'!$C:$C,'FCDB 2017 (full)'!$AE:$AE)*$H26/100,0) -> 0 | AO26: =IFERROR(_xlfn.XLOOKUP($F26,'FCDB 2017 (full)'!$C:$C,'FCDB 2017 (full)'!$AF:$AF)*$H26/100,0) -> 0 | AP26: =IFERROR(_xlfn.XLOOKUP($F26,'FCDB 2017 (full)'!$C:$C,'FCDB 2017 (full)'!$AG:$AG)*$H26/100,0) -> 0 | AQ26: =IFERROR(_xlfn.XLOOKUP($F26,'FCDB 2017 (full)'!$C:$C,'FCDB 2017 (full)'!$AH:$AH)*$H26/100,0) -> 0 | AR26: =IFERROR(_xlfn.XLOOKUP($F26,'FCDB 2017 (full)'!$C:$C,'FCDB 2017 (full)'!$AI:$AI)*$H26/100,0) -> 0 | AS26: =IFERROR(_xlfn.XLOOKUP($F26,'FCDB 2017 (full)'!$C:$C,'FCDB 2017 (full)'!$AJ:$AJ)*$H26/100,0) -> 0 | AT26: =IFERROR(_xlfn.XLOOKUP($F26,'FCDB 2017 (full)'!$C:$C,'FCDB 2017 (full)'!$AK:$AK)*$H26/100,0) -> 0 | AU26: =IFERROR(_xlfn.XLOOKUP($F26,'FCDB 2017 (full)'!$C:$C,'FCDB 2017 (full)'!$AK:$AK)*$H26/100,0) -> 0 | AV26: =IFERROR(_xlfn.XLOOKUP($F26,'FCDB 2017 (full)'!$C:$C,'FCDB 2017 (full)'!$AM:$AM)*$H26/100,0) -> 0 | AW26: =IFERROR(_xlfn.XLOOKUP($F26,'FCDB 2017 (full)'!$C:$C,'FCDB 2017 (full)'!$AN:$AN)*$H26/100,0) -> 0 | AX26: =IFERROR(_xlfn.XLOOKUP($F26,'FCDB 2017 (full)'!$C:$C,'FCDB 2017 (full)'!$AO:$AO)*$H26/100,0) -> 0 | AY26: =IFERROR(_xlfn.XLOOKUP($F26,'FCDB 2017 (full)'!$C:$C,'FCDB 2017 (full)'!$AP:$AP)*$H26/100,0) -> 0 | AZ26: =IFERROR(_xlfn.XLOOKUP($F26,'FCDB 2017 (full)'!$C:$C,'FCDB 2017 (full)'!$AQ:$AQ)*$H26/100,0) -> 0 | BA26: =IFERROR(_xlfn.XLOOKUP($F26,'FCDB 2017 (full)'!$C:$C,'FCDB 2017 (full)'!$AR:$AR)*$H26/100,0) -> 0 | BB26: =IFERROR(_xlfn.XLOOKUP($F26,'FCDB 2017 (full)'!$C:$C,'FCDB 2017 (full)'!$AS:$AS)*$H26/100,0) -> 0 | BC26: =IFERROR(_xlfn.XLOOKUP($F26,'FCDB 2017 (full)'!$C:$C,'FCDB 2017 (full)'!$AT:$AT)*$H26/100,0) -> 0 | BD26: =IFERROR(_xlfn.XLOOKUP($F26,'FCDB 2017 (full)'!$C:$C,'FCDB 2017 (full)'!$AU:$AU)*$H26/100,0) -> 0 | BE26: =IFERROR(_xlfn.XLOOKUP($F26,'FCDB 2017 (full)'!$C:$C,'FCDB 2017 (full)'!$AV:$AV)*$H26/100,0) -> 0 | BF26: =IFERROR(_xlfn.XLOOKUP($F26,'FCDB 2017 (full)'!$C:$C,'FCDB 2017 (full)'!$AW:$AW)*$H26/100,0) -> 0 | BG26: =IFERROR(_xlfn.XLOOKUP($F26,'FCDB 2017 (full)'!$C:$C,'FCDB 2017 (full)'!$AX:$AX)*$H26/100,0) -> 0 | BH26: =IFERROR(_xlfn.XLOOKUP($F26,'FCDB 2017 (full)'!$C:$C,'FCDB 2017 (full)'!$AY:$AY)*$H26/100,0) -> 0 | BI26: =IFERROR(_xlfn.XLOOKUP($F26,'FCDB 2017 (full)'!$C:$C,'FCDB 2017 (full)'!$AZ:$AZ)*$H26/100,0) -> 0 | BJ26: =IFERROR(_xlfn.XLOOKUP($F26,'FCDB 2017 (full)'!$C:$C,'FCDB 2017 (full)'!$BA:$BA)*$H26/100,0) -> 0 | BK26: =IFERROR(_xlfn.XLOOKUP($F26,'FCDB 2017 (full)'!$C:$C,'FCDB 2017 (full)'!$BB:$BB)*$H26/100,0) -> 0 | BL26: =IFERROR(_xlfn.XLOOKUP($F26,'FCDB 2017 (full)'!$C:$C,'FCDB 2017 (full)'!$BC:$BC)*$H26/100,0) -> 0 | BM26: =IFERROR(_xlfn.XLOOKUP($F26,'FCDB 2017 (full)'!$C:$C,'FCDB 2017 (full)'!$BD:$BD)*$H26/100,0) -> 0 | BN26: =IFERROR(_xlfn.XLOOKUP($F26,'FCDB 2017 (full)'!$C:$C,'FCDB 2017 (full)'!$BE:$BE)*$H26/100,0) -> 0 | BO26: =IFERROR(_xlfn.XLOOKUP($F26,'FCDB 2017 (full)'!$C:$C,'FCDB 2017 (full)'!$BF:$BF)*$H26/100,0) -> 0 | BP26: =IFERROR(_xlfn.XLOOKUP($F26,'FCDB 2017 (full)'!$C:$C,'FCDB 2017 (full)'!$BG:$BG)*$H26/100,0) -> 0 | BQ26: =IFERROR(_xlfn.XLOOKUP($F26,'FCDB 2017 (full)'!$C:$C,'FCDB 2017 (full)'!$BH:$BH)*$H26/100,0) -> 0 | BR26: =IFERROR(_xlfn.XLOOKUP($F26,'FCDB 2017 (full)'!$C:$C,'FCDB 2017 (full)'!$BI:$BI)*$H26/100,0) -> 0 | BS26: =IFERROR(_xlfn.XLOOKUP($F26,'FCDB 2017 (full)'!$C:$C,'FCDB 2017 (full)'!$BJ:$BJ)*$H26/100,0) -> 0 | BT26: =IFERROR(_xlfn.XLOOKUP($F26,'FCDB 2017 (full)'!$C:$C,'FCDB 2017 (full)'!$BK:$BK)*$H26/100,0) -> 0 | BU26: =IFERROR(_xlfn.XLOOKUP($F26,'FCDB 2017 (full)'!$C:$C,'FCDB 2017 (full)'!$BL:$BL)*$H26/100,0) -> 0 | BV26: =IFERROR(_xlfn.XLOOKUP($F26,'FCDB 2017 (full)'!$C:$C,'FCDB 2017 (full)'!$BM:$BM)*$H26/100,0) -> 0 | BW26: =IFERROR(_xlfn.XLOOKUP($F26,'FCDB 2017 (full)'!$C:$C,'FCDB 2017 (full)'!$BN:$BN)*$H26/100,0) -> 0 | BX26: =IFERROR(_xlfn.XLOOKUP($F26,'FCDB 2017 (full)'!$C:$C,'FCDB 2017 (full)'!$BO:$BO)*$H26/100,0) -> 0 | BY26: =IFERROR(_xlfn.XLOOKUP($F26,'FCDB 2017 (full)'!$C:$C,'FCDB 2017 (full)'!$BP:$BP)*$H26/100,0) -> 0 | BZ26: =IFERROR(_xlfn.XLOOKUP($F26,'FCDB 2017 (full)'!$C:$C,'FCDB 2017 (full)'!$BQ:$BQ)*$H26/100,0) -> 0 | CA26: =IFERROR(_xlfn.XLOOKUP($F26,'FCDB 2017 (full)'!$C:$C,'FCDB 2017 (full)'!$BR:$BR)*$H26/100,0) -> 0 | CB26: =IFERROR(_xlfn.XLOOKUP($F26,'FCDB 2017 (full)'!$C:$C,'FCDB 2017 (full)'!$BS:$BS)*$H26/100,0) -> 0 | CC26: =IFERROR(_xlfn.XLOOKUP($F26,'FCDB 2017 (full)'!$C:$C,'FCDB 2017 (full)'!$BT:$BT)*$H26/100,0) -> 0 | CD26: =IFERROR(_xlfn.XLOOKUP($F26,'FCDB 2017 (full)'!$C:$C,'FCDB 2017 (full)'!$BU:$BU)*$H26/100,0) -> 0 | CE26: =IFERROR(_xlfn.XLOOKUP($F26,'FCDB 2017 (full)'!$C:$C,'FCDB 2017 (full)'!$BV:$BV)*$H26/100,0) -> 0 | CF26: =IFERROR(_xlfn.XLOOKUP($F26,'FCDB 2017 (full)'!$C:$C,'FCDB 2017 (full)'!$BW:$BW)*$H26/100,0) -> 0 | CG26: =IFERROR(_xlfn.XLOOKUP($F26,'FCDB 2017 (full)'!$C:$C,'FCDB 2017 (full)'!$BX:$BX)*$H26/100,0) -> 0 | CH26: =IFERROR(_xlfn.XLOOKUP($F26,'FCDB 2017 (full)'!$C:$C,'FCDB 2017 (full)'!$BY:$BY)*$H26/100,0) -> 0 | CI26: =IFERROR(_xlfn.XLOOKUP($F26,'FCDB 2017 (full)'!$C:$C,'FCDB 2017 (full)'!$BZ:$BZ)*$H26/100,0) -> 0 | CJ26: =IFERROR(_xlfn.XLOOKUP($F26,'FCDB 2017 (full)'!$C:$C,'FCDB 2017 (full)'!$CA:$CA)*$H26/100,0) -> 0 | CK26: =IFERROR(_xlfn.XLOOKUP($F26,'FCDB 2017 (full)'!$C:$C,'FCDB 2017 (full)'!$CB:$CB)*$H26/100,0) -> 0 | CL26: =IFERROR(_xlfn.XLOOKUP($F26,'FCDB 2017 (full)'!$C:$C,'FCDB 2017 (full)'!$CC:$CC)*$H26/100,0) -> 0 | CM26: =IFERROR(_xlfn.XLOOKUP($F26,'FCDB 2017 (full)'!$C:$C,'FCDB 2017 (full)'!$CD:$CD)*$H26/100,0) -> 0 | CN26: =IFERROR(_xlfn.XLOOKUP($F26,'FCDB 2017 (full)'!$C:$C,'FCDB 2017 (full)'!$CE:$CE)*$H26/100,0) -> 0 | CO26: =IFERROR(_xlfn.XLOOKUP($F26,'FCDB 2017 (full)'!$C:$C,'FCDB 2017 (full)'!$CF:$CF)*$H26/100,0) -> 0 | CP26: =IFERROR(_xlfn.XLOOKUP($F26,'FCDB 2017 (full)'!$C:$C,'FCDB 2017 (full)'!$CG:$CG)*$H26/100,0) -> 0 | CQ26: =IFERROR(_xlfn.XLOOKUP($F26,'FCDB 2017 (full)'!$C:$C,'FCDB 2017 (full)'!$CH:$CH)*$H26/100,0) -> 0 | DA26: SÁNG
F27: =IFERROR(VLOOKUP($D$9,$D:$AE,17,0),0) -> 0 | G27: {=IF(F27=0,0,IF(_xlfn.XLOOKUP(F27,$E$9:$AE$9,$E$10:$AE$10)=0,"Nhập ĐV/TV",_xlfn.XLOOKUP(F27,$E$9:$AE$9,$E$10:$AE$10)))} -> 0 | H27: {=IFERROR(INDEX($E$11:$AE$11,MATCH(F27,$E$9:$AE$9,0)),0)} -> 0 | I27: =IFERROR(_xlfn.XLOOKUP($F27,'FCDB 2017 (full)'!$C:$C,'FCDB 2017 (full)'!$E:$E),0) -> 0 | J27: =$H27*I27/100 -> 0 | K27: =IFERROR(_xlfn.XLOOKUP($F27,'FCDB 2017 (full)'!$C:$C,'FCDB 2017 (full)'!$G:$G),0) -> 0 | L27: =IF($G27=L$15,$H27*$K27/100,0) -> 0 | M27: =IF($G27=M$15,$H27*$K27/100,0) -> 0 | N27: =IFERROR(_xlfn.XLOOKUP($F27,'FCDB 2017 (full)'!$C:$C,'FCDB 2017 (full)'!$H:$H),0) -> 0 | O27: =IF($G27=O$15,$H27*$N27/100,0) -> 0 | P27: =IF($G27=P$15,$H27*$N27/100,0) -> 0 | Q27: =IFERROR(_xlfn.XLOOKUP($F27,'FCDB 2017 (full)'!$C:$C,'FCDB 2017 (full)'!$I:$I),0) -> 0 | R27: =$H27*Q27/100 -> 0 | S27: =IFERROR(_xlfn.XLOOKUP($F27,'FCDB 2017 (full)'!$C:$C,'FCDB 2017 (full)'!$J:$J)*$H27/100,0) -> 0 | T27: =IFERROR(_xlfn.XLOOKUP($F27,'FCDB 2017 (full)'!$C:$C,'FCDB 2017 (full)'!$K:$K)*$H27/100,0) -> 0 | U27: =IFERROR(_xlfn.XLOOKUP($F27,'FCDB 2017 (full)'!$C:$C,'FCDB 2017 (full)'!$L:$L)*$H27/100,0) -> 0 | V27: =IFERROR(_xlfn.XLOOKUP($F27,'FCDB 2017 (full)'!$C:$C,'FCDB 2017 (full)'!$M:$M)*$H27/100,0) -> 0 | W27: =IFERROR(_xlfn.XLOOKUP($F27,'FCDB 2017 (full)'!$C:$C,'FCDB 2017 (full)'!$N:$N)*$H27/100,0) -> 0 | X27: =IFERROR(_xlfn.XLOOKUP($F27,'FCDB 2017 (full)'!$C:$C,'FCDB 2017 (full)'!$O:$O)*$H27/100,0) -> 0 | Y27: =IFERROR(_xlfn.XLOOKUP($F27,'FCDB 2017 (full)'!$C:$C,'FCDB 2017 (full)'!$P:$P)*$H27/100,0) -> 0 | Z27: =IFERROR(_xlfn.XLOOKUP($F27,'FCDB 2017 (full)'!$C:$C,'FCDB 2017 (full)'!$Q:$Q)*$H27/100,0) -> 0 | AA27: =IFERROR(_xlfn.XLOOKUP($F27,'FCDB 2017 (full)'!$C:$C,'FCDB 2017 (full)'!$R:$R)*$H27/100,0) -> 0 | AB27: =IFERROR(_xlfn.XLOOKUP($F27,'FCDB 2017 (full)'!$C:$C,'FCDB 2017 (full)'!$S:$S)*$H27/100,0) -> 0 | AC27: =IFERROR(_xlfn.XLOOKUP($F27,'FCDB 2017 (full)'!$C:$C,'FCDB 2017 (full)'!$T:$T)*$H27/100,0) -> 0 | AD27: =IFERROR(_xlfn.XLOOKUP($F27,'FCDB 2017 (full)'!$C:$C,'FCDB 2017 (full)'!$U:$U)*$H27/100,0) -> 0 | AE27: =IFERROR(_xlfn.XLOOKUP($F27,'FCDB 2017 (full)'!$C:$C,'FCDB 2017 (full)'!$V:$V)*$H27/100,0) -> 0 | AF27: =IFERROR(_xlfn.XLOOKUP($F27,'FCDB 2017 (full)'!$C:$C,'FCDB 2017 (full)'!$W:$W)*$H27/100,0) -> 0 | AG27: =IFERROR(_xlfn.XLOOKUP($F27,'FCDB 2017 (full)'!$C:$C,'FCDB 2017 (full)'!$X:$X)*$H27/100,0) -> 0 | AH27: =IFERROR(_xlfn.XLOOKUP($F27,'FCDB 2017 (full)'!$C:$C,'FCDB 2017 (full)'!$Y:$Y)*$H27/100,0) -> 0 | AI27: =IFERROR(_xlfn.XLOOKUP($F27,'FCDB 2017 (full)'!$C:$C,'FCDB 2017 (full)'!$Z:$Z)*$H27/100,0) -> 0 | AJ27: =IFERROR(_xlfn.XLOOKUP($F27,'FCDB 2017 (full)'!$C:$C,'FCDB 2017 (full)'!$AA:$AA)*$H27/100,0) -> 0 | AK27: =IFERROR(_xlfn.XLOOKUP($F27,'FCDB 2017 (full)'!$C:$C,'FCDB 2017 (full)'!$AB:$AB)*$H27/100,0) -> 0 | AL27: =IFERROR(_xlfn.XLOOKUP($F27,'FCDB 2017 (full)'!$C:$C,'FCDB 2017 (full)'!$AC:$AC)*$H27/100,0) -> 0 | AM27: =IFERROR(_xlfn.XLOOKUP($F27,'FCDB 2017 (full)'!$C:$C,'FCDB 2017 (full)'!$AD:$AD)*$H27/100,0) -> 0 | AN27: =IFERROR(_xlfn.XLOOKUP($F27,'FCDB 2017 (full)'!$C:$C,'FCDB 2017 (full)'!$AE:$AE)*$H27/100,0) -> 0 | AO27: =IFERROR(_xlfn.XLOOKUP($F27,'FCDB 2017 (full)'!$C:$C,'FCDB 2017 (full)'!$AF:$AF)*$H27/100,0) -> 0 | AP27: =IFERROR(_xlfn.XLOOKUP($F27,'FCDB 2017 (full)'!$C:$C,'FCDB 2017 (full)'!$AG:$AG)*$H27/100,0) -> 0 | AQ27: =IFERROR(_xlfn.XLOOKUP($F27,'FCDB 2017 (full)'!$C:$C,'FCDB 2017 (full)'!$AH:$AH)*$H27/100,0) -> 0 | AR27: =IFERROR(_xlfn.XLOOKUP($F27,'FCDB 2017 (full)'!$C:$C,'FCDB 2017 (full)'!$AI:$AI)*$H27/100,0) -> 0 | AS27: =IFERROR(_xlfn.XLOOKUP($F27,'FCDB 2017 (full)'!$C:$C,'FCDB 2017 (full)'!$AJ:$AJ)*$H27/100,0) -> 0 | AT27: =IFERROR(_xlfn.XLOOKUP($F27,'FCDB 2017 (full)'!$C:$C,'FCDB 2017 (full)'!$AK:$AK)*$H27/100,0) -> 0 | AU27: =IFERROR(_xlfn.XLOOKUP($F27,'FCDB 2017 (full)'!$C:$C,'FCDB 2017 (full)'!$AK:$AK)*$H27/100,0) -> 0 | AV27: =IFERROR(_xlfn.XLOOKUP($F27,'FCDB 2017 (full)'!$C:$C,'FCDB 2017 (full)'!$AM:$AM)*$H27/100,0) -> 0 | AW27: =IFERROR(_xlfn.XLOOKUP($F27,'FCDB 2017 (full)'!$C:$C,'FCDB 2017 (full)'!$AN:$AN)*$H27/100,0) -> 0 | AX27: =IFERROR(_xlfn.XLOOKUP($F27,'FCDB 2017 (full)'!$C:$C,'FCDB 2017 (full)'!$AO:$AO)*$H27/100,0) -> 0 | AY27: =IFERROR(_xlfn.XLOOKUP($F27,'FCDB 2017 (full)'!$C:$C,'FCDB 2017 (full)'!$AP:$AP)*$H27/100,0) -> 0 | AZ27: =IFERROR(_xlfn.XLOOKUP($F27,'FCDB 2017 (full)'!$C:$C,'FCDB 2017 (full)'!$AQ:$AQ)*$H27/100,0) -> 0 | BA27: =IFERROR(_xlfn.XLOOKUP($F27,'FCDB 2017 (full)'!$C:$C,'FCDB 2017 (full)'!$AR:$AR)*$H27/100,0) -> 0 | BB27: =IFERROR(_xlfn.XLOOKUP($F27,'FCDB 2017 (full)'!$C:$C,'FCDB 2017 (full)'!$AS:$AS)*$H27/100,0) -> 0 | BC27: =IFERROR(_xlfn.XLOOKUP($F27,'FCDB 2017 (full)'!$C:$C,'FCDB 2017 (full)'!$AT:$AT)*$H27/100,0) -> 0 | BD27: =IFERROR(_xlfn.XLOOKUP($F27,'FCDB 2017 (full)'!$C:$C,'FCDB 2017 (full)'!$AU:$AU)*$H27/100,0) -> 0 | BE27: =IFERROR(_xlfn.XLOOKUP($F27,'FCDB 2017 (full)'!$C:$C,'FCDB 2017 (full)'!$AV:$AV)*$H27/100,0) -> 0 | BF27: =IFERROR(_xlfn.XLOOKUP($F27,'FCDB 2017 (full)'!$C:$C,'FCDB 2017 (full)'!$AW:$AW)*$H27/100,0) -> 0 | BG27: =IFERROR(_xlfn.XLOOKUP($F27,'FCDB 2017 (full)'!$C:$C,'FCDB 2017 (full)'!$AX:$AX)*$H27/100,0) -> 0 | BH27: =IFERROR(_xlfn.XLOOKUP($F27,'FCDB 2017 (full)'!$C:$C,'FCDB 2017 (full)'!$AY:$AY)*$H27/100,0) -> 0 | BI27: =IFERROR(_xlfn.XLOOKUP($F27,'FCDB 2017 (full)'!$C:$C,'FCDB 2017 (full)'!$AZ:$AZ)*$H27/100,0) -> 0 | BJ27: =IFERROR(_xlfn.XLOOKUP($F27,'FCDB 2017 (full)'!$C:$C,'FCDB 2017 (full)'!$BA:$BA)*$H27/100,0) -> 0 | BK27: =IFERROR(_xlfn.XLOOKUP($F27,'FCDB 2017 (full)'!$C:$C,'FCDB 2017 (full)'!$BB:$BB)*$H27/100,0) -> 0 | BL27: =IFERROR(_xlfn.XLOOKUP($F27,'FCDB 2017 (full)'!$C:$C,'FCDB 2017 (full)'!$BC:$BC)*$H27/100,0) -> 0 | BM27: =IFERROR(_xlfn.XLOOKUP($F27,'FCDB 2017 (full)'!$C:$C,'FCDB 2017 (full)'!$BD:$BD)*$H27/100,0) -> 0 | BN27: =IFERROR(_xlfn.XLOOKUP($F27,'FCDB 2017 (full)'!$C:$C,'FCDB 2017 (full)'!$BE:$BE)*$H27/100,0) -> 0 | BO27: =IFERROR(_xlfn.XLOOKUP($F27,'FCDB 2017 (full)'!$C:$C,'FCDB 2017 (full)'!$BF:$BF)*$H27/100,0) -> 0 | BP27: =IFERROR(_xlfn.XLOOKUP($F27,'FCDB 2017 (full)'!$C:$C,'FCDB 2017 (full)'!$BG:$BG)*$H27/100,0) -> 0 | BQ27: =IFERROR(_xlfn.XLOOKUP($F27,'FCDB 2017 (full)'!$C:$C,'FCDB 2017 (full)'!$BH:$BH)*$H27/100,0) -> 0 | BR27: =IFERROR(_xlfn.XLOOKUP($F27,'FCDB 2017 (full)'!$C:$C,'FCDB 2017 (full)'!$BI:$BI)*$H27/100,0) -> 0 | BS27: =IFERROR(_xlfn.XLOOKUP($F27,'FCDB 2017 (full)'!$C:$C,'FCDB 2017 (full)'!$BJ:$BJ)*$H27/100,0) -> 0 | BT27: =IFERROR(_xlfn.XLOOKUP($F27,'FCDB 2017 (full)'!$C:$C,'FCDB 2017 (full)'!$BK:$BK)*$H27/100,0) -> 0 | BU27: =IFERROR(_xlfn.XLOOKUP($F27,'FCDB 2017 (full)'!$C:$C,'FCDB 2017 (full)'!$BL:$BL)*$H27/100,0) -> 0 | BV27: =IFERROR(_xlfn.XLOOKUP($F27,'FCDB 2017 (full)'!$C:$C,'FCDB 2017 (full)'!$BM:$BM)*$H27/100,0) -> 0 | BW27: =IFERROR(_xlfn.XLOOKUP($F27,'FCDB 2017 (full)'!$C:$C,'FCDB 2017 (full)'!$BN:$BN)*$H27/100,0) -> 0 | BX27: =IFERROR(_xlfn.XLOOKUP($F27,'FCDB 2017 (full)'!$C:$C,'FCDB 2017 (full)'!$BO:$BO)*$H27/100,0) -> 0 | BY27: =IFERROR(_xlfn.XLOOKUP($F27,'FCDB 2017 (full)'!$C:$C,'FCDB 2017 (full)'!$BP:$BP)*$H27/100,0) -> 0 | BZ27: =IFERROR(_xlfn.XLOOKUP($F27,'FCDB 2017 (full)'!$C:$C,'FCDB 2017 (full)'!$BQ:$BQ)*$H27/100,0) -> 0 | CA27: =IFERROR(_xlfn.XLOOKUP($F27,'FCDB 2017 (full)'!$C:$C,'FCDB 2017 (full)'!$BR:$BR)*$H27/100,0) -> 0 | CB27: =IFERROR(_xlfn.XLOOKUP($F27,'FCDB 2017 (full)'!$C:$C,'FCDB 2017 (full)'!$BS:$BS)*$H27/100,0) -> 0 | CC27: =IFERROR(_xlfn.XLOOKUP($F27,'FCDB 2017 (full)'!$C:$C,'FCDB 2017 (full)'!$BT:$BT)*$H27/100,0) -> 0 | CD27: =IFERROR(_xlfn.XLOOKUP($F27,'FCDB 2017 (full)'!$C:$C,'FCDB 2017 (full)'!$BU:$BU)*$H27/100,0) -> 0 | CE27: =IFERROR(_xlfn.XLOOKUP($F27,'FCDB 2017 (full)'!$C:$C,'FCDB 2017 (full)'!$BV:$BV)*$H27/100,0) -> 0 | CF27: =IFERROR(_xlfn.XLOOKUP($F27,'FCDB 2017 (full)'!$C:$C,'FCDB 2017 (full)'!$BW:$BW)*$H27/100,0) -> 0 | CG27: =IFERROR(_xlfn.XLOOKUP($F27,'FCDB 2017 (full)'!$C:$C,'FCDB 2017 (full)'!$BX:$BX)*$H27/100,0) -> 0 | CH27: =IFERROR(_xlfn.XLOOKUP($F27,'FCDB 2017 (full)'!$C:$C,'FCDB 2017 (full)'!$BY:$BY)*$H27/100,0) -> 0 | CI27: =IFERROR(_xlfn.XLOOKUP($F27,'FCDB 2017 (full)'!$C:$C,'FCDB 2017 (full)'!$BZ:$BZ)*$H27/100,0) -> 0 | CJ27: =IFERROR(_xlfn.XLOOKUP($F27,'FCDB 2017 (full)'!$C:$C,'FCDB 2017 (full)'!$CA:$CA)*$H27/100,0) -> 0 | CK27: =IFERROR(_xlfn.XLOOKUP($F27,'FCDB 2017 (full)'!$C:$C,'FCDB 2017 (full)'!$CB:$CB)*$H27/100,0) -> 0 | CL27: =IFERROR(_xlfn.XLOOKUP($F27,'FCDB 2017 (full)'!$C:$C,'FCDB 2017 (full)'!$CC:$CC)*$H27/100,0) -> 0 | CM27: =IFERROR(_xlfn.XLOOKUP($F27,'FCDB 2017 (full)'!$C:$C,'FCDB 2017 (full)'!$CD:$CD)*$H27/100,0) -> 0 | CN27: =IFERROR(_xlfn.XLOOKUP($F27,'FCDB 2017 (full)'!$C:$C,'FCDB 2017 (full)'!$CE:$CE)*$H27/100,0) -> 0 | CO27: =IFERROR(_xlfn.XLOOKUP($F27,'FCDB 2017 (full)'!$C:$C,'FCDB 2017 (full)'!$CF:$CF)*$H27/100,0) -> 0 | CP27: =IFERROR(_xlfn.XLOOKUP($F27,'FCDB 2017 (full)'!$C:$C,'FCDB 2017 (full)'!$CG:$CG)*$H27/100,0) -> 0 | CQ27: =IFERROR(_xlfn.XLOOKUP($F27,'FCDB 2017 (full)'!$C:$C,'FCDB 2017 (full)'!$CH:$CH)*$H27/100,0) -> 0 | DA27: SÁNG
F28: =IFERROR(VLOOKUP($D$9,$D:$AE,18,0),0) -> Cá chép | G28: {=IF(F28=0,0,IF(_xlfn.XLOOKUP(F28,$E$9:$AE$9,$E$10:$AE$10)=0,"Nhập ĐV/TV",_xlfn.XLOOKUP(F28,$E$9:$AE$9,$E$10:$AE$10)))} -> #NAME? | H28: {=IFERROR(INDEX($E$11:$AE$11,MATCH(F28,$E$9:$AE$9,0)),0)} -> 55 | I28: =IFERROR(_xlfn.XLOOKUP($F28,'FCDB 2017 (full)'!$C:$C,'FCDB 2017 (full)'!$E:$E),0) -> 0 | J28: =$H28*I28/100 -> 0 | K28: =IFERROR(_xlfn.XLOOKUP($F28,'FCDB 2017 (full)'!$C:$C,'FCDB 2017 (full)'!$G:$G),0) -> 0 | L28: =IF($G28=L$15,$H28*$K28/100,0) -> #NAME? | M28: =IF($G28=M$15,$H28*$K28/100,0) -> #NAME? | N28: =IFERROR(_xlfn.XLOOKUP($F28,'FCDB 2017 (full)'!$C:$C,'FCDB 2017 (full)'!$H:$H),0) -> 0 | O28: =IF($G28=O$15,$H28*$N28/100,0) -> #NAME? | P28: =IF($G28=P$15,$H28*$N28/100,0) -> #NAME? | Q28: =IFERROR(_xlfn.XLOOKUP($F28,'FCDB 2017 (full)'!$C:$C,'FCDB 2017 (full)'!$I:$I),0) -> 0 | R28: =$H28*Q28/100 -> 0 | S28: =IFERROR(_xlfn.XLOOKUP($F28,'FCDB 2017 (full)'!$C:$C,'FCDB 2017 (full)'!$J:$J)*$H28/100,0) -> 0 | T28: =IFERROR(_xlfn.XLOOKUP($F28,'FCDB 2017 (full)'!$C:$C,'FCDB 2017 (full)'!$K:$K)*$H28/100,0) -> 0 | U28: =IFERROR(_xlfn.XLOOKUP($F28,'FCDB 2017 (full)'!$C:$C,'FCDB 2017 (full)'!$L:$L)*$H28/100,0) -> 0 | V28: =IFERROR(_xlfn.XLOOKUP($F28,'FCDB 2017 (full)'!$C:$C,'FCDB 2017 (full)'!$M:$M)*$H28/100,0) -> 0 | W28: =IFERROR(_xlfn.XLOOKUP($F28,'FCDB 2017 (full)'!$C:$C,'FCDB 2017 (full)'!$N:$N)*$H28/100,0) -> 0 | X28: =IFERROR(_xlfn.XLOOKUP($F28,'FCDB 2017 (full)'!$C:$C,'FCDB 2017 (full)'!$O:$O)*$H28/100,0) -> 0 | Y28: =IFERROR(_xlfn.XLOOKUP($F28,'FCDB 2017 (full)'!$C:$C,'FCDB 2017 (full)'!$P:$P)*$H28/100,0) -> 0 | Z28: =IFERROR(_xlfn.XLOOKUP($F28,'FCDB 2017 (full)'!$C:$C,'FCDB 2017 (full)'!$Q:$Q)*$H28/100,0) -> 0 | AA28: =IFERROR(_xlfn.XLOOKUP($F28,'FCDB 2017 (full)'!$C:$C,'FCDB 2017 (full)'!$R:$R)*$H28/100,0) -> 0 | AB28: =IFERROR(_xlfn.XLOOKUP($F28,'FCDB 2017 (full)'!$C:$C,'FCDB 2017 (full)'!$S:$S)*$H28/100,0) -> 0 | AC28: =IFERROR(_xlfn.XLOOKUP($F28,'FCDB 2017 (full)'!$C:$C,'FCDB 2017 (full)'!$T:$T)*$H28/100,0) -> 0 | AD28: =IFERROR(_xlfn.XLOOKUP($F28,'FCDB 2017 (full)'!$C:$C,'FCDB 2017 (full)'!$U:$U)*$H28/100,0) -> 0 | AE28: =IFERROR(_xlfn.XLOOKUP($F28,'FCDB 2017 (full)'!$C:$C,'FCDB 2017 (full)'!$V:$V)*$H28/100,0) -> 0 | AF28: =IFERROR(_xlfn.XLOOKUP($F28,'FCDB 2017 (full)'!$C:$C,'FCDB 2017 (full)'!$W:$W)*$H28/100,0) -> 0 | AG28: =IFERROR(_xlfn.XLOOKUP($F28,'FCDB 2017 (full)'!$C:$C,'FCDB 2017 (full)'!$X:$X)*$H28/100,0) -> 0 | AH28: =IFERROR(_xlfn.XLOOKUP($F28,'FCDB 2017 (full)'!$C:$C,'FCDB 2017 (full)'!$Y:$Y)*$H28/100,0) -> 0 | AI28: =IFERROR(_xlfn.XLOOKUP($F28,'FCDB 2017 (full)'!$C:$C,'FCDB 2017 (full)'!$Z:$Z)*$H28/100,0) -> 0 | AJ28: =IFERROR(_xlfn.XLOOKUP($F28,'FCDB 2017 (full)'!$C:$C,'FCDB 2017 (full)'!$AA:$AA)*$H28/100,0) -> 0 | AK28: =IFERROR(_xlfn.XLOOKUP($F28,'FCDB 2017 (full)'!$C:$C,'FCDB 2017 (full)'!$AB:$AB)*$H28/100,0) -> 0 | AL28: =IFERROR(_xlfn.XLOOKUP($F28,'FCDB 2017 (full)'!$C:$C,'FCDB 2017 (full)'!$AC:$AC)*$H28/100,0) -> 0 | AM28: =IFERROR(_xlfn.XLOOKUP($F28,'FCDB 2017 (full)'!$C:$C,'FCDB 2017 (full)'!$AD:$AD)*$H28/100,0) -> 0 | AN28: =IFERROR(_xlfn.XLOOKUP($F28,'FCDB 2017 (full)'!$C:$C,'FCDB 2017 (full)'!$AE:$AE)*$H28/100,0) -> 0 | AO28: =IFERROR(_xlfn.XLOOKUP($F28,'FCDB 2017 (full)'!$C:$C,'FCDB 2017 (full)'!$AF:$AF)*$H28/100,0) -> 0 | AP28: =IFERROR(_xlfn.XLOOKUP($F28,'FCDB 2017 (full)'!$C:$C,'FCDB 2017 (full)'!$AG:$AG)*$H28/100,0) -> 0 | AQ28: =IFERROR(_xlfn.XLOOKUP($F28,'FCDB 2017 (full)'!$C:$C,'FCDB 2017 (full)'!$AH:$AH)*$H28/100,0) -> 0 | AR28: =IFERROR(_xlfn.XLOOKUP($F28,'FCDB 2017 (full)'!$C:$C,'FCDB 2017 (full)'!$AI:$AI)*$H28/100,0) -> 0 | AS28: =IFERROR(_xlfn.XLOOKUP($F28,'FCDB 2017 (full)'!$C:$C,'FCDB 2017 (full)'!$AJ:$AJ)*$H28/100,0) -> 0 | AT28: =IFERROR(_xlfn.XLOOKUP($F28,'FCDB 2017 (full)'!$C:$C,'FCDB 2017 (full)'!$AK:$AK)*$H28/100,0) -> 0 | AU28: =IFERROR(_xlfn.XLOOKUP($F28,'FCDB 2017 (full)'!$C:$C,'FCDB 2017 (full)'!$AK:$AK)*$H28/100,0) -> 0 | AV28: =IFERROR(_xlfn.XLOOKUP($F28,'FCDB 2017 (full)'!$C:$C,'FCDB 2017 (full)'!$AM:$AM)*$H28/100,0) -> 0 | AW28: =IFERROR(_xlfn.XLOOKUP($F28,'FCDB 2017 (full)'!$C:$C,'FCDB 2017 (full)'!$AN:$AN)*$H28/100,0) -> 0 | AX28: =IFERROR(_xlfn.XLOOKUP($F28,'FCDB 2017 (full)'!$C:$C,'FCDB 2017 (full)'!$AO:$AO)*$H28/100,0) -> 0 | AY28: =IFERROR(_xlfn.XLOOKUP($F28,'FCDB 2017 (full)'!$C:$C,'FCDB 2017 (full)'!$AP:$AP)*$H28/100,0) -> 0 | AZ28: =IFERROR(_xlfn.XLOOKUP($F28,'FCDB 2017 (full)'!$C:$C,'FCDB 2017 (full)'!$AQ:$AQ)*$H28/100,0) -> 0 | BA28: =IFERROR(_xlfn.XLOOKUP($F28,'FCDB 2017 (full)'!$C:$C,'FCDB 2017 (full)'!$AR:$AR)*$H28/100,0) -> 0 | BB28: =IFERROR(_xlfn.XLOOKUP($F28,'FCDB 2017 (full)'!$C:$C,'FCDB 2017 (full)'!$AS:$AS)*$H28/100,0) -> 0 | BC28: =IFERROR(_xlfn.XLOOKUP($F28,'FCDB 2017 (full)'!$C:$C,'FCDB 2017 (full)'!$AT:$AT)*$H28/100,0) -> 0 | BD28: =IFERROR(_xlfn.XLOOKUP($F28,'FCDB 2017 (full)'!$C:$C,'FCDB 2017 (full)'!$AU:$AU)*$H28/100,0) -> 0 | BE28: =IFERROR(_xlfn.XLOOKUP($F28,'FCDB 2017 (full)'!$C:$C,'FCDB 2017 (full)'!$AV:$AV)*$H28/100,0) -> 0 | BF28: =IFERROR(_xlfn.XLOOKUP($F28,'FCDB 2017 (full)'!$C:$C,'FCDB 2017 (full)'!$AW:$AW)*$H28/100,0) -> 0 | BG28: =IFERROR(_xlfn.XLOOKUP($F28,'FCDB 2017 (full)'!$C:$C,'FCDB 2017 (full)'!$AX:$AX)*$H28/100,0) -> 0 | BH28: =IFERROR(_xlfn.XLOOKUP($F28,'FCDB 2017 (full)'!$C:$C,'FCDB 2017 (full)'!$AY:$AY)*$H28/100,0) -> 0 | BI28: =IFERROR(_xlfn.XLOOKUP($F28,'FCDB 2017 (full)'!$C:$C,'FCDB 2017 (full)'!$AZ:$AZ)*$H28/100,0) -> 0 | BJ28: =IFERROR(_xlfn.XLOOKUP($F28,'FCDB 2017 (full)'!$C:$C,'FCDB 2017 (full)'!$BA:$BA)*$H28/100,0) -> 0 | BK28: =IFERROR(_xlfn.XLOOKUP($F28,'FCDB 2017 (full)'!$C:$C,'FCDB 2017 (full)'!$BB:$BB)*$H28/100,0) -> 0 | BL28: =IFERROR(_xlfn.XLOOKUP($F28,'FCDB 2017 (full)'!$C:$C,'FCDB 2017 (full)'!$BC:$BC)*$H28/100,0) -> 0 | BM28: =IFERROR(_xlfn.XLOOKUP($F28,'FCDB 2017 (full)'!$C:$C,'FCDB 2017 (full)'!$BD:$BD)*$H28/100,0) -> 0 | BN28: =IFERROR(_xlfn.XLOOKUP($F28,'FCDB 2017 (full)'!$C:$C,'FCDB 2017 (full)'!$BE:$BE)*$H28/100,0) -> 0 | BO28: =IFERROR(_xlfn.XLOOKUP($F28,'FCDB 2017 (full)'!$C:$C,'FCDB 2017 (full)'!$BF:$BF)*$H28/100,0) -> 0 | BP28: =IFERROR(_xlfn.XLOOKUP($F28,'FCDB 2017 (full)'!$C:$C,'FCDB 2017 (full)'!$BG:$BG)*$H28/100,0) -> 0 | BQ28: =IFERROR(_xlfn.XLOOKUP($F28,'FCDB 2017 (full)'!$C:$C,'FCDB 2017 (full)'!$BH:$BH)*$H28/100,0) -> 0 | BR28: =IFERROR(_xlfn.XLOOKUP($F28,'FCDB 2017 (full)'!$C:$C,'FCDB 2017 (full)'!$BI:$BI)*$H28/100,0) -> 0 | BS28: =IFERROR(_xlfn.XLOOKUP($F28,'FCDB 2017 (full)'!$C:$C,'FCDB 2017 (full)'!$BJ:$BJ)*$H28/100,0) -> 0 | BT28: =IFERROR(_xlfn.XLOOKUP($F28,'FCDB 2017 (full)'!$C:$C,'FCDB 2017 (full)'!$BK:$BK)*$H28/100,0) -> 0 | BU28: =IFERROR(_xlfn.XLOOKUP($F28,'FCDB 2017 (full)'!$C:$C,'FCDB 2017 (full)'!$BL:$BL)*$H28/100,0) -> 0 | BV28: =IFERROR(_xlfn.XLOOKUP($F28,'FCDB 2017 (full)'!$C:$C,'FCDB 2017 (full)'!$BM:$BM)*$H28/100,0) -> 0 | BW28: =IFERROR(_xlfn.XLOOKUP($F28,'FCDB 2017 (full)'!$C:$C,'FCDB 2017 (full)'!$BN:$BN)*$H28/100,0) -> 0 | BX28: =IFERROR(_xlfn.XLOOKUP($F28,'FCDB 2017 (full)'!$C:$C,'FCDB 2017 (full)'!$BO:$BO)*$H28/100,0) -> 0 | BY28: =IFERROR(_xlfn.XLOOKUP($F28,'FCDB 2017 (full)'!$C:$C,'FCDB 2017 (full)'!$BP:$BP)*$H28/100,0) -> 0 | BZ28: =IFERROR(_xlfn.XLOOKUP($F28,'FCDB 2017 (full)'!$C:$C,'FCDB 2017 (full)'!$BQ:$BQ)*$H28/100,0) -> 0 | CA28: =IFERROR(_xlfn.XLOOKUP($F28,'FCDB 2017 (full)'!$C:$C,'FCDB 2017 (full)'!$BR:$BR)*$H28/100,0) -> 0 | CB28: =IFERROR(_xlfn.XLOOKUP($F28,'FCDB 2017 (full)'!$C:$C,'FCDB 2017 (full)'!$BS:$BS)*$H28/100,0) -> 0 | CC28: =IFERROR(_xlfn.XLOOKUP($F28,'FCDB 2017 (full)'!$C:$C,'FCDB 2017 (full)'!$BT:$BT)*$H28/100,0) -> 0 | CD28: =IFERROR(_xlfn.XLOOKUP($F28,'FCDB 2017 (full)'!$C:$C,'FCDB 2017 (full)'!$BU:$BU)*$H28/100,0) -> 0 | CE28: =IFERROR(_xlfn.XLOOKUP($F28,'FCDB 2017 (full)'!$C:$C,'FCDB 2017 (full)'!$BV:$BV)*$H28/100,0) -> 0 | CF28: =IFERROR(_xlfn.XLOOKUP($F28,'FCDB 2017 (full)'!$C:$C,'FCDB 2017 (full)'!$BW:$BW)*$H28/100,0) -> 0 | CG28: =IFERROR(_xlfn.XLOOKUP($F28,'FCDB 2017 (full)'!$C:$C,'FCDB 2017 (full)'!$BX:$BX)*$H28/100,0) -> 0 | CH28: =IFERROR(_xlfn.XLOOKUP($F28,'FCDB 2017 (full)'!$C:$C,'FCDB 2017 (full)'!$BY:$BY)*$H28/100,0) -> 0 | CI28: =IFERROR(_xlfn.XLOOKUP($F28,'FCDB 2017 (full)'!$C:$C,'FCDB 2017 (full)'!$BZ:$BZ)*$H28/100,0) -> 0 | CJ28: =IFERROR(_xlfn.XLOOKUP($F28,'FCDB 2017 (full)'!$C:$C,'FCDB 2017 (full)'!$CA:$CA)*$H28/100,0) -> 0 | CK28: =IFERROR(_xlfn.XLOOKUP($F28,'FCDB 2017 (full)'!$C:$C,'FCDB 2017 (full)'!$CB:$CB)*$H28/100,0) -> 0 | CL28: =IFERROR(_xlfn.XLOOKUP($F28,'FCDB 2017 (full)'!$C:$C,'FCDB 2017 (full)'!$CC:$CC)*$H28/100,0) -> 0 | CM28: =IFERROR(_xlfn.XLOOKUP($F28,'FCDB 2017 (full)'!$C:$C,'FCDB 2017 (full)'!$CD:$CD)*$H28/100,0) -> 0 | CN28: =IFERROR(_xlfn.XLOOKUP($F28,'FCDB 2017 (full)'!$C:$C,'FCDB 2017 (full)'!$CE:$CE)*$H28/100,0) -> 0 | CO28: =IFERROR(_xlfn.XLOOKUP($F28,'FCDB 2017 (full)'!$C:$C,'FCDB 2017 (full)'!$CF:$CF)*$H28/100,0) -> 0 | CP28: =IFERROR(_xlfn.XLOOKUP($F28,'FCDB 2017 (full)'!$C:$C,'FCDB 2017 (full)'!$CG:$CG)*$H28/100,0) -> 0 | CQ28: =IFERROR(_xlfn.XLOOKUP($F28,'FCDB 2017 (full)'!$C:$C,'FCDB 2017 (full)'!$CH:$CH)*$H28/100,0) -> 0 | DA28: SÁNG
